,0_RfR 0,0_RfR 1,0_RfR 2,1_RfR 0,1_RfR 1,1_RfR 2,2_RfR 0,2_RfR 1,2_RfR 2,3_RfR 0,3_RfR 1,3_RfR 2,4_RfR 0,4_RfR 1,4_RfR 2,A.1_DikeIncrease 0,A.1_DikeIncrease 1,A.1_DikeIncrease 2,A.2_DikeIncrease 0,A.2_DikeIncrease 1,A.2_DikeIncrease 2,A.3_DikeIncrease 0,A.3_DikeIncrease 1,A.3_DikeIncrease 2,A.4_DikeIncrease 0,A.4_DikeIncrease 1,A.4_DikeIncrease 2,A.5_DikeIncrease 0,A.5_DikeIncrease 1,A.5_DikeIncrease 2,EWS_DaysToThreat
0,0,1,0,1,0,1,0,1,0,0,0,1,0,1,1,4,0,9,3,5,2,8,10,4,7,3,5,3,2,0,4
1,0,1,1,1,1,1,0,0,1,1,1,1,1,0,1,1,5,4,3,0,1,1,1,1,0,5,5,10,5,7,4
2,0,1,0,0,0,1,0,0,1,0,0,0,1,0,0,3,2,6,8,6,0,1,1,0,7,9,7,10,10,2,4
3,1,0,0,0,1,1,0,1,0,0,1,0,1,1,0,0,9,0,4,4,9,2,4,7,4,3,1,5,4,6,1
4,0,0,0,1,1,0,0,0,0,1,1,1,1,0,0,4,3,2,4,1,3,1,1,3,0,10,7,0,1,8,0
5,0,0,1,1,0,0,0,0,1,1,0,1,1,0,1,7,0,7,6,1,5,1,3,8,1,4,2,6,9,1,2
6,0,1,0,1,1,1,1,1,0,0,1,1,1,0,1,3,3,7,5,0,7,2,4,7,6,0,3,3,0,8,0
7,1,0,0,0,1,1,1,1,0,0,0,0,1,1,1,6,6,0,7,2,3,6,1,4,4,0,3,7,2,7,3
8,1,0,0,1,1,1,1,0,0,1,0,1,0,1,0,5,2,8,5,8,3,3,9,2,4,2,0,2,4,3,1
9,0,1,1,1,1,0,1,0,0,1,1,0,1,0,0,7,1,7,4,4,3,3,9,5,3,0,2,3,7,0,2
10,1,1,0,0,0,0,1,1,0,0,0,1,1,1,1,5,1,5,4,0,3,9,3,0,0,7,3,10,9,3,3
11,1,0,1,1,1,1,0,1,1,0,1,1,0,0,0,0,0,1,3,8,9,6,0,1,5,8,9,5,1,7,4
12,1,0,1,0,1,0,0,1,0,0,0,1,1,0,1,3,0,4,4,0,5,2,8,2,1,7,1,0,3,2,4
13,1,1,1,1,0,0,1,1,0,0,1,1,0,1,1,4,7,6,7,3,3,6,1,2,2,3,0,10,0,2,0
14,1,1,0,1,0,0,1,0,0,0,1,1,0,1,0,2,10,9,9,9,1,5,0,0,6,10,6,1,4,5,3
15,1,1,0,0,0,1,0,1,1,0,0,0,0,0,0,4,10,7,5,3,8,2,4,3,3,1,4,2,1,2,1
16,0,1,1,0,1,0,0,1,0,1,1,0,1,0,0,2,1,0,8,10,9,6,6,1,2,10,2,6,9,6,4
17,1,0,0,0,0,0,0,1,0,1,0,1,0,1,1,6,10,10,0,7,8,3,0,10,0,2,3,9,1,1,3
18,0,1,0,0,0,1,1,0,1,1,1,1,1,1,0,4,0,0,9,8,1,7,9,8,0,8,0,9,0,10,4
19,1,1,0,0,0,1,0,1,0,1,0,0,1,0,0,7,6,3,6,1,8,5,3,5,3,0,3,0,6,3,1
20,1,1,0,1,0,0,0,0,0,0,1,1,0,1,1,7,6,6,7,4,0,0,3,3,4,4,9,1,0,2,0
21,0,1,1,1,1,1,1,1,0,0,1,1,1,1,1,9,7,7,9,4,2,6,2,0,0,7,0,2,6,9,0
22,0,0,0,0,0,0,0,1,0,1,1,1,0,1,0,7,2,2,1,6,8,3,2,10,0,2,1,10,6,1,3
23,0,1,0,0,0,0,1,0,0,1,0,0,0,0,0,6,5,7,4,3,8,2,10,3,7,1,5,5,6,2,2
24,0,1,1,1,0,0,0,1,1,0,0,0,1,1,1,10,1,10,5,0,2,7,7,2,7,9,6,3,0,0,4
25,0,0,0,1,0,0,0,1,0,0,0,0,0,1,1,3,1,5,2,1,0,9,7,1,4,8,7,0,1,1,2
26,1,0,1,1,0,0,0,0,1,0,0,0,1,0,1,2,0,7,0,7,6,2,4,1,2,6,2,3,5,2,3
27,1,1,0,1,1,1,0,1,0,0,1,0,1,1,0,7,9,9,4,2,1,6,1,0,4,2,2,1,0,2,2
28,1,0,0,0,1,1,0,0,1,0,0,0,0,0,0,0,1,2,3,6,7,2,8,5,5,4,4,5,0,0,3
29,1,0,1,0,1,1,0,1,0,1,0,1,0,0,1,1,1,4,4,5,5,3,9,2,1,0,6,7,2,3,1
30,0,1,1,0,1,1,0,0,1,0,1,1,1,1,1,2,4,0,6,1,5,1,5,5,10,5,3,1,7,1,3
31,1,0,1,1,0,0,1,0,1,0,1,1,1,0,0,3,1,0,1,2,2,3,0,10,1,5,7,2,1,9,2
32,0,1,1,0,0,1,1,1,0,1,1,0,0,0,1,6,5,7,0,6,0,6,5,2,1,3,5,7,7,10,4
33,0,1,1,1,1,1,0,1,0,0,1,1,1,0,0,0,0,0,5,9,9,5,5,0,0,9,3,6,9,7,0
34,1,0,1,1,0,0,1,1,1,0,0,1,0,1,1,1,0,7,6,4,3,7,2,1,0,1,1,9,7,6,0
35,0,1,0,0,0,0,1,1,1,0,1,1,1,1,0,1,3,10,0,7,4,0,1,10,0,0,5,3,4,6,3
36,0,1,1,1,1,1,1,1,0,0,1,0,0,0,1,7,5,4,4,2,0,6,2,0,1,2,4,5,3,10,3
37,0,0,0,0,0,0,0,0,0,1,0,1,0,0,0,5,0,5,0,7,8,6,0,2,10,3,4,6,3,2,0
38,1,0,1,0,1,1,0,0,0,0,0,0,1,0,1,0,1,4,4,6,5,2,8,2,5,7,5,1,0,0,4
39,0,0,0,0,1,0,0,1,0,0,0,1,0,0,0,3,0,2,3,0,7,2,8,5,1,4,0,4,3,2,3
40,0,0,0,0,0,0,1,0,0,1,0,1,0,0,0,9,5,0,4,3,6,10,5,9,4,1,10,5,4,6,1
41,0,0,0,0,1,0,0,1,0,1,1,0,0,0,0,7,6,3,9,0,8,1,0,6,3,2,3,0,4,0,0
42,1,1,1,1,1,1,1,1,1,1,0,1,0,0,0,10,5,7,5,3,1,0,7,0,10,1,7,1,5,0,0
43,1,1,0,0,0,0,0,1,0,1,0,1,1,1,1,1,1,3,3,1,4,1,2,0,3,8,4,1,9,0,3
44,1,1,0,1,0,0,0,1,0,0,0,1,1,1,1,5,1,6,7,3,0,6,3,0,0,7,2,9,0,2,0
45,1,0,0,0,0,0,1,0,1,0,0,0,0,1,0,7,6,5,1,0,4,10,7,10,7,0,8,2,3,5,0
46,0,0,0,0,0,0,1,0,0,1,0,0,0,0,0,7,5,1,4,5,1,5,6,9,4,1,9,2,7,9,0
47,0,0,0,0,1,0,0,1,1,0,0,0,1,1,1,0,0,9,4,0,0,9,5,5,3,10,5,2,0,1,1
48,1,1,0,0,1,0,0,1,0,1,0,1,1,1,1,5,1,3,4,1,6,0,0,2,3,10,5,2,3,0,0
49,1,1,0,1,0,0,0,0,0,0,1,1,0,0,0,4,5,6,7,7,0,1,5,3,4,3,9,1,1,2,0
50,0,0,0,0,0,0,1,0,0,1,0,1,0,0,0,3,2,4,6,1,1,5,0,0,5,10,6,3,3,2,3
51,0,0,0,1,0,0,1,1,1,1,1,0,1,1,0,7,9,6,4,2,0,6,1,0,5,2,3,3,7,2,2
52,1,0,0,1,0,0,0,1,0,1,1,0,0,0,1,8,3,4,0,4,0,3,8,3,1,1,3,6,3,6,0
53,0,0,1,1,0,0,0,0,0,1,0,0,1,0,0,0,10,7,5,6,7,7,0,0,6,5,2,10,0,2,3
54,0,0,0,0,0,0,0,1,0,0,0,1,0,1,0,3,3,5,1,5,0,9,7,2,5,8,4,0,2,1,3
55,1,1,0,0,0,1,0,1,0,0,0,1,1,1,0,2,6,2,5,1,9,5,4,5,10,0,5,0,7,0,0
56,1,1,0,1,0,0,1,0,0,1,1,1,1,0,0,7,3,10,5,1,3,4,0,0,7,9,9,2,1,8,0
57,0,0,1,0,0,0,1,0,1,1,0,1,0,1,0,6,4,0,7,2,3,10,6,10,4,2,5,10,1,1,3
58,1,1,0,0,0,0,1,1,1,0,1,1,1,1,0,1,1,3,0,1,4,9,5,0,7,8,7,0,6,1,3
59,1,1,0,1,1,0,0,1,0,0,1,1,1,1,0,5,3,2,7,3,3,6,1,0,0,4,3,7,1,4,0
60,1,1,0,0,0,0,0,0,1,0,0,1,0,1,0,4,4,0,9,8,1,5,5,8,0,6,9,9,0,5,3
61,0,0,1,1,0,0,1,1,1,1,1,0,0,1,0,1,7,7,7,2,1,5,0,3,5,3,0,10,10,6,3
62,1,0,0,1,0,0,0,0,0,0,1,1,0,0,1,5,1,5,0,7,0,1,6,2,4,3,3,9,0,2,0
63,1,1,0,0,0,0,0,0,0,1,0,1,0,0,0,4,5,6,7,7,5,1,4,2,10,3,6,1,2,2,0
64,1,1,0,1,1,0,0,0,0,0,0,1,1,1,0,5,1,2,0,0,7,2,7,3,0,4,3,1,1,3,0
65,0,0,0,0,1,0,0,1,1,0,0,0,1,1,1,0,0,9,4,0,0,10,5,2,2,10,5,2,1,6,1
66,0,0,0,1,0,1,0,1,0,0,1,0,0,0,1,7,1,4,0,2,4,3,10,3,1,0,0,6,2,6,0
67,1,0,0,0,0,0,1,1,0,1,1,1,1,1,0,0,1,6,3,1,0,6,2,0,6,1,0,0,6,2,3
68,0,0,0,0,0,0,0,1,0,1,0,1,0,1,0,3,2,10,0,6,8,3,0,3,7,2,4,0,1,1,3
69,1,0,0,0,1,0,0,0,1,1,0,0,1,1,1,1,4,2,1,6,2,3,6,5,2,1,1,6,1,4,0
70,0,0,0,1,1,0,0,1,0,0,1,1,0,1,0,0,3,3,6,7,4,0,1,1,3,1,9,5,1,4,0
71,1,1,0,0,0,0,0,0,0,1,0,1,0,0,0,0,1,5,0,7,4,2,7,2,1,4,0,6,3,2,0
72,0,0,0,1,0,0,0,0,0,0,1,1,0,0,0,7,0,1,4,3,2,0,3,3,4,4,8,0,1,3,0
73,1,0,0,1,0,1,1,1,1,0,0,0,0,0,0,5,1,4,5,1,1,1,7,1,10,8,7,1,2,0,3
74,1,0,1,1,1,1,0,0,1,1,0,0,0,1,0,0,1,4,6,4,7,4,3,1,8,9,9,0,1,5,1
75,1,0,1,0,1,0,0,0,1,0,0,0,1,1,1,0,0,9,4,6,2,4,4,2,5,6,5,2,0,0,3
76,1,0,0,0,1,0,0,0,1,1,0,1,1,1,1,2,9,8,5,0,4,4,0,0,6,10,1,8,9,7,0
77,1,1,0,0,0,0,1,0,1,0,0,1,0,1,0,3,6,2,1,0,4,5,4,10,3,0,4,1,0,7,0
78,1,0,1,1,0,0,1,1,1,0,0,0,0,1,0,1,1,1,1,6,4,4,9,9,0,5,5,2,3,4,2
79,1,0,0,1,0,1,1,1,1,0,0,1,1,1,1,7,2,3,0,4,4,7,4,0,6,6,5,5,0,0,0
80,0,0,1,1,0,1,1,0,0,0,1,1,1,1,0,8,7,5,10,1,10,5,0,4,2,0,8,6,4,1,0
81,0,0,0,1,1,0,1,1,1,0,0,0,1,1,1,0,2,3,1,0,2,1,0,3,6,4,1,10,2,1,1
82,1,1,0,1,1,0,0,0,0,1,1,1,1,1,1,4,5,5,7,6,0,1,1,3,0,10,6,1,0,7,0
83,0,0,1,1,1,0,1,1,1,1,0,0,0,1,0,0,7,4,6,7,4,4,1,1,3,2,2,2,1,1,3
84,0,0,0,0,0,0,1,0,0,0,0,0,0,0,0,8,1,7,6,2,6,2,4,0,3,10,1,4,4,3,2
85,1,1,0,0,0,0,0,1,0,0,1,1,1,0,0,2,6,1,6,0,6,1,4,3,5,0,6,0,0,2,0
86,1,1,0,0,0,0,0,0,0,0,1,1,0,0,0,3,2,5,0,0,3,5,6,3,0,4,3,6,3,4,0
87,0,0,0,1,0,0,0,0,0,0,0,1,0,1,0,0,1,2,7,0,5,0,2,3,6,5,6,3,0,5,0
88,0,0,0,0,0,0,0,1,0,0,0,0,0,1,0,6,5,6,0,2,4,10,10,2,4,2,6,6,2,6,0
89,1,1,1,1,0,1,0,0,1,0,1,0,0,0,1,4,5,2,7,0,0,1,4,2,4,5,2,10,1,5,3
90,1,0,1,1,0,0,1,1,1,0,0,0,0,1,0,1,0,7,7,3,2,5,1,1,7,0,0,10,9,6,0
91,1,0,1,0,0,0,1,0,1,0,0,0,0,1,0,1,7,1,7,6,3,4,6,9,0,2,5,2,1,0,2
92,1,0,0,0,0,0,0,1,0,0,0,1,0,0,1,4,7,6,4,0,5,10,5,10,0,5,3,5,0,2,2
93,1,0,0,1,0,0,0,0,0,0,1,1,1,1,0,7,9,5,4,2,7,0,3,0,1,9,9,3,4,4,0
94,1,0,0,1,1,1,1,1,1,0,0,0,1,0,1,1,1,4,1,1,2,1,7,1,6,1,6,1,2,0,0
95,1,0,0,0,0,0,0,0,0,1,0,0,0,0,1,0,1,4,4,7,5,2,7,1,0,5,4,10,3,5,2
96,1,1,0,0,1,0,0,0,0,1,1,1,0,1,1,7,1,0,7,6,1,0,0,3,3,4,5,2,3,3,0
97,0,0,0,0,0,0,0,0,0,1,0,1,0,0,0,0,1,3,6,0,6,0,3,0,6,5,6,3,3,5,0
98,1,0,1,0,0,0,0,0,1,0,0,0,0,0,1,1,0,4,5,4,3,1,2,1,0,1,3,9,1,6,0
99,1,0,1,1,1,0,0,0,1,0,0,0,0,1,0,1,4,0,6,5,1,5,2,0,6,1,2,1,6,5,0
100,0,0,0,0,0,0,1,0,1,0,0,0,0,1,0,2,1,0,7,1,6,3,1,9,0,5,0,2,2,3,2
101,1,1,1,1,1,0,0,0,0,0,0,0,1,1,1,6,10,4,7,5,0,2,1,0,0,10,1,1,1,7,0
102,0,0,0,0,1,1,0,1,0,0,0,1,0,1,0,0,1,6,3,4,6,5,10,1,0,1,0,6,4,7,0
103,0,0,0,0,0,0,0,0,0,1,1,1,0,0,0,0,1,5,5,10,5,6,7,5,0,7,6,3,5,8,1
104,1,0,0,1,1,0,0,0,0,0,1,1,0,0,1,2,0,0,0,0,8,3,8,5,1,3,0,7,0,2,4
105,0,0,0,0,0,0,0,1,1,0,0,0,1,0,0,3,0,6,0,0,7,2,7,5,2,4,5,5,3,2,3
106,0,1,0,0,0,0,1,0,0,0,1,0,1,0,1,3,2,5,2,0,2,1,7,3,1,4,1,9,2,7,0
107,0,1,0,1,0,0,0,0,0,0,0,1,0,1,0,0,1,2,7,7,2,0,2,2,7,5,7,4,0,5,0
108,1,1,0,1,0,0,0,1,0,0,0,1,1,1,1,5,6,5,4,3,0,0,3,2,4,10,9,1,0,6,0
109,0,0,1,1,0,0,1,1,1,0,0,0,1,1,1,1,4,7,7,3,4,5,0,1,8,1,0,1,9,1,0
110,1,0,0,1,0,1,0,0,0,0,1,1,0,1,1,3,1,2,7,0,3,4,2,1,6,4,1,0,0,5,1
111,0,0,0,0,0,0,1,1,0,1,0,1,0,1,0,1,6,4,1,0,3,6,1,0,2,1,0,3,6,2,3
112,1,1,0,1,0,0,1,0,0,1,0,0,0,0,0,4,10,1,8,2,0,10,2,9,7,1,7,1,9,10,3
113,0,0,0,0,0,0,1,0,0,1,0,0,0,0,0,8,4,4,6,1,5,2,4,3,1,9,4,7,4,3,3
114,0,0,0,1,0,0,0,1,0,0,1,1,1,1,0,3,3,1,5,1,6,2,5,0,5,4,2,5,8,7,3
115,0,0,0,1,0,1,0,0,0,0,1,1,1,1,0,3,6,5,0,0,5,0,1,0,4,3,7,5,5,5,0
116,0,0,0,0,0,0,0,0,0,1,0,1,0,0,0,0,1,2,7,0,5,0,3,0,6,5,6,3,0,5,0
117,0,1,0,0,0,0,0,1,0,0,0,0,0,0,0,0,1,6,0,1,7,5,7,5,0,4,5,5,2,9,3
118,0,0,0,0,0,0,0,0,1,1,0,1,0,0,0,0,1,1,7,7,7,0,2,4,4,5,10,2,4,0,0
119,1,1,0,1,0,0,1,0,0,0,0,0,0,0,0,1,6,7,6,3,7,2,4,3,3,2,4,0,2,2,1
120,1,1,0,1,0,0,0,0,0,0,1,1,0,0,1,0,1,2,0,0,7,2,7,2,6,5,1,9,0,2,0
121,0,0,0,1,0,0,0,0,0,0,0,1,0,1,0,0,1,3,6,0,6,0,2,3,6,5,6,3,3,5,0
122,0,0,0,0,1,0,1,1,1,1,0,0,0,1,0,0,1,4,1,5,7,1,1,0,5,1,7,4,2,5,3
123,0,0,0,0,0,0,0,0,0,1,0,1,0,1,0,7,4,5,7,10,8,1,0,2,7,3,5,0,6,3,0
124,1,1,0,1,1,1,0,0,0,0,0,1,1,0,1,1,5,4,6,10,10,5,0,8,1,10,1,0,0,6,2
125,0,0,0,0,0,0,0,1,1,0,0,0,1,0,0,7,7,6,0,0,7,3,5,2,4,2,5,6,2,1,3
126,0,1,0,1,0,0,0,0,0,0,1,0,1,0,1,0,1,3,5,3,0,1,2,2,4,4,10,5,1,4,0
127,1,0,0,1,1,0,0,0,1,0,1,1,0,0,1,1,0,3,0,6,7,4,8,10,1,10,0,7,0,2,1
128,0,1,0,0,0,0,0,0,0,1,0,1,1,0,1,3,2,3,4,6,2,5,0,0,2,9,9,4,4,5,3
129,1,0,0,0,0,0,0,0,1,0,0,0,0,1,1,6,0,3,6,4,2,0,4,6,0,6,0,10,1,6,3
130,0,1,0,1,0,0,1,0,0,0,0,0,0,0,0,2,2,0,5,1,1,2,7,2,6,9,3,8,3,7,0
131,0,0,1,0,1,0,0,1,0,1,0,0,0,0,0,6,6,3,0,9,3,6,0,9,3,1,1,1,9,4,3
132,0,0,0,0,1,0,1,1,0,1,0,0,1,1,1,3,2,3,7,1,2,6,0,0,1,7,4,4,5,6,3
133,0,0,0,0,0,0,0,0,1,0,0,0,0,0,0,2,2,7,0,3,6,2,5,9,8,5,3,10,1,4,2
134,0,0,0,0,0,0,0,0,0,0,0,1,0,1,0,2,1,0,0,2,7,3,8,3,0,5,0,2,2,3,3
135,0,1,0,0,0,0,0,0,0,1,1,1,1,1,0,4,4,5,7,6,5,1,0,3,0,4,6,0,1,0,0
136,1,0,1,1,1,0,1,0,0,0,0,0,0,0,1,1,6,4,6,2,6,1,7,3,7,2,4,0,2,1,0
137,0,0,0,0,0,0,0,1,0,0,0,0,1,1,1,0,0,3,4,3,6,0,3,3,2,5,5,3,0,5,1
138,1,0,0,0,0,0,0,0,0,0,1,1,0,0,1,0,1,2,0,6,4,4,1,1,1,1,3,6,0,5,0
139,0,0,0,1,0,0,0,0,1,0,0,1,0,0,0,1,1,1,5,0,7,0,8,4,5,4,8,1,7,3,3
140,0,0,0,0,0,0,0,0,0,1,0,1,0,0,0,4,6,1,7,0,5,0,3,3,5,3,6,0,0,5,0
141,0,0,1,0,1,0,0,0,1,1,0,1,0,1,0,0,1,3,6,3,6,0,3,1,6,10,9,3,0,5,0
142,0,0,0,0,0,0,0,1,0,0,0,1,0,1,0,2,0,2,4,1,5,6,0,2,1,4,7,5,3,2,0
143,1,0,1,1,0,0,0,0,0,0,0,0,1,1,1,6,6,4,5,5,0,2,1,3,3,10,6,1,1,7,0
144,1,1,1,1,1,0,0,0,0,0,1,1,0,0,0,2,3,4,0,0,0,5,8,2,0,5,0,7,3,3,1
145,1,0,0,1,0,1,0,0,0,1,0,0,0,1,0,0,1,6,0,3,4,5,0,9,1,0,1,7,1,6,0
146,1,0,1,0,0,0,1,0,1,1,0,0,0,1,0,1,7,0,1,1,2,4,7,10,1,2,6,5,1,6,1
147,0,1,1,0,0,0,1,0,0,1,0,1,0,0,0,6,0,5,1,7,8,9,6,10,1,4,5,6,3,5,0
148,0,0,0,0,1,0,0,0,0,0,0,1,0,0,0,0,3,5,1,1,8,2,10,4,10,3,0,4,2,2,3
149,0,0,0,0,0,0,0,0,1,1,1,1,0,0,0,3,0,6,1,0,4,0,0,6,4,0,9,5,5,7,1
150,0,0,0,0,0,0,0,0,0,1,0,0,0,0,0,1,5,6,1,4,6,3,2,0,8,2,2,2,7,2,3
151,0,0,1,1,1,1,1,0,0,0,0,1,1,1,1,5,6,4,5,0,1,5,1,0,2,6,7,10,0,5,3
152,1,0,0,1,0,0,0,0,0,0,0,0,0,0,1,1,2,3,5,2,0,5,2,0,6,6,5,5,6,5,0
153,1,0,0,1,0,1,0,0,0,0,0,0,0,1,0,1,6,6,7,3,4,2,0,3,2,2,1,0,1,6,0
154,1,1,0,1,0,0,1,0,0,1,0,0,0,0,0,0,1,4,1,3,7,5,4,9,0,0,4,7,2,2,0
155,1,1,0,0,1,0,0,0,0,1,0,1,1,1,0,7,1,0,7,0,6,0,0,3,3,4,2,2,3,3,0
156,0,0,0,0,0,0,0,0,1,0,0,0,0,0,0,1,3,5,5,1,10,7,2,0,5,0,6,9,2,2,0
157,1,0,1,1,1,0,0,0,0,0,0,1,0,1,1,3,6,5,7,3,7,0,2,0,4,1,8,0,0,2,0
158,1,1,1,0,0,0,0,0,0,1,0,0,0,0,0,5,4,4,9,10,1,1,3,10,1,1,4,10,2,7,0
159,0,0,0,0,0,0,0,0,0,0,0,1,0,1,0,1,3,4,0,2,1,3,1,5,1,3,7,7,0,2,3
160,0,0,0,0,0,0,0,0,0,1,0,1,0,1,0,0,0,1,6,0,0,0,0,6,4,5,6,10,1,7,1
161,0,0,0,0,0,0,0,0,0,0,1,0,0,1,1,0,1,2,0,0,7,2,0,1,6,5,0,4,2,2,0
162,1,0,1,1,1,0,0,0,1,0,0,0,0,0,0,1,4,0,6,2,1,1,1,3,6,2,3,0,6,6,0
163,1,1,0,1,0,0,1,1,1,0,0,0,0,0,0,0,6,6,0,3,1,5,0,5,0,2,1,10,7,6,0
164,1,0,0,1,1,0,0,0,1,0,1,1,0,0,1,2,3,5,0,0,0,4,8,3,0,5,0,7,0,2,1
165,1,1,0,0,0,0,0,0,1,0,0,1,0,0,0,0,0,5,1,6,1,5,5,3,0,3,3,5,0,4,0
166,0,0,0,0,0,0,1,1,1,0,0,1,0,0,0,6,5,6,8,7,6,6,1,10,0,0,5,3,4,6,1
167,0,0,0,0,0,1,0,0,0,0,0,1,0,1,0,2,1,0,1,5,0,3,0,0,1,5,7,10,2,0,3
168,1,1,0,1,1,0,0,0,0,0,1,0,0,0,0,2,0,7,3,3,1,2,8,2,0,5,0,10,2,4,1
169,0,0,0,0,0,0,0,0,1,1,0,1,1,0,0,4,1,6,0,7,8,7,0,4,1,3,4,6,5,0,0
170,1,1,0,1,1,1,0,0,1,1,1,0,0,0,1,0,1,4,0,0,7,4,3,2,9,6,4,0,0,5,0
171,1,1,0,0,1,1,0,0,1,0,0,1,0,1,0,2,6,3,1,5,4,2,5,5,0,4,5,5,1,8,1
172,1,1,1,0,0,0,0,0,1,0,1,0,0,0,0,5,10,6,4,0,7,2,7,3,2,3,1,7,5,7,0
173,0,0,0,0,0,0,0,1,0,0,0,1,0,1,0,2,3,5,7,1,2,6,7,3,0,4,7,5,3,5,0
174,1,1,0,0,0,0,0,0,0,1,0,1,1,1,0,7,3,7,7,7,5,0,0,0,0,0,6,5,4,3,0
175,1,1,1,1,0,0,0,0,0,0,1,1,0,0,1,0,1,5,0,0,0,2,7,2,6,5,5,1,3,4,0
176,0,0,0,0,0,0,0,0,1,0,0,0,0,0,0,2,0,1,5,1,8,4,1,0,7,0,9,9,5,2,0
177,0,1,0,0,0,0,1,0,0,0,1,1,0,0,0,6,5,5,7,2,5,2,0,3,0,4,7,0,1,0,0
178,1,1,0,0,1,0,0,0,0,0,0,0,0,0,1,1,6,0,6,2,5,0,1,3,7,6,3,6,1,6,0
179,1,0,1,0,0,1,0,0,0,0,0,0,0,1,0,1,7,6,6,3,2,2,0,3,1,2,6,0,1,6,0
180,0,0,0,0,0,0,0,1,0,0,0,1,0,0,0,5,0,5,0,0,4,6,0,2,6,3,4,6,3,2,0
181,0,0,0,0,1,0,0,0,0,0,0,1,0,0,0,3,0,5,0,6,8,3,5,3,0,2,0,0,0,2,4
182,0,1,1,0,0,0,1,0,1,0,0,1,0,0,0,1,0,6,6,6,4,9,6,10,0,4,5,10,1,5,2
183,1,0,0,1,0,0,0,1,1,0,0,0,0,0,0,7,0,4,7,3,5,0,2,3,1,3,1,10,2,6,0
184,0,0,0,0,0,0,0,0,0,1,1,0,0,0,1,3,1,3,0,1,8,5,0,0,6,3,2,1,3,2,0
185,0,0,0,0,0,0,0,0,0,0,0,0,1,1,0,0,1,1,1,0,7,0,0,1,9,4,0,5,5,2,3
186,0,0,0,0,0,0,1,0,0,1,0,0,0,0,0,1,6,6,1,7,7,0,5,0,7,5,5,1,4,5,0
187,0,0,1,0,0,0,1,0,0,0,0,0,0,0,0,2,5,4,1,3,6,2,4,7,8,2,3,5,2,4,0
188,0,0,1,0,1,0,0,0,1,1,0,1,0,0,0,0,1,0,7,9,1,0,3,0,3,1,5,0,7,2,0
189,0,0,1,0,1,0,0,0,0,1,0,1,0,1,0,0,1,0,7,8,0,0,0,6,3,9,6,1,0,7,2
190,0,0,0,1,0,0,1,0,0,1,0,0,0,0,0,7,5,7,1,1,1,6,4,4,0,1,4,0,9,5,0
191,0,1,0,1,1,1,1,1,0,1,1,0,0,1,0,0,3,8,5,0,9,1,2,9,6,1,10,4,0,4,0
192,1,0,0,1,1,0,0,1,0,0,0,1,0,0,1,2,2,6,0,2,1,8,4,5,7,0,0,10,9,2,0
193,0,0,1,0,0,1,0,1,1,0,1,0,0,1,0,4,4,3,9,2,10,8,2,0,2,0,1,1,2,8,3
194,0,0,1,1,0,0,0,0,0,0,1,1,0,0,1,7,3,10,8,10,0,0,6,5,7,0,1,10,0,4,2
195,0,0,0,1,1,0,0,1,1,1,1,1,1,1,0,2,3,7,1,6,0,0,0,8,9,6,0,4,9,1,3
196,0,1,0,0,1,1,0,1,0,1,0,0,0,1,0,0,4,7,10,7,2,3,8,1,0,3,0,7,5,9,1
197,1,1,1,1,0,1,1,0,1,1,0,0,1,1,0,0,6,2,9,6,8,7,0,8,2,3,2,9,7,2,0
198,0,0,1,1,1,1,0,0,1,0,1,1,0,1,0,2,6,7,3,2,8,7,7,8,4,0,0,6,6,4,0
199,0,1,1,0,1,1,0,1,0,0,0,1,1,0,1,0,4,9,2,9,2,5,8,4,7,8,7,0,0,8,0
200,0,0,0,0,0,1,1,1,1,0,1,0,1,1,0,2,0,4,4,2,8,0,8,0,1,9,4,2,10,1,3
201,1,0,1,1,1,1,1,1,1,0,0,0,0,0,1,8,3,0,4,5,2,9,3,9,2,2,3,0,5,6,2
202,0,0,0,0,0,0,0,0,1,0,0,1,0,0,1,10,2,7,8,0,0,0,3,2,1,9,6,9,5,2,3
203,0,0,1,0,1,1,1,1,0,0,0,0,1,0,0,9,2,1,6,4,0,0,1,3,4,6,7,2,0,6,1
204,1,1,1,0,1,0,1,0,0,0,1,1,0,0,1,6,6,3,6,9,6,3,6,8,5,0,0,3,7,5,1
205,0,1,0,0,0,0,0,1,1,0,1,0,1,1,1,7,2,10,9,4,0,1,3,3,7,1,3,6,4,7,2
206,1,1,0,0,0,1,0,0,0,0,1,1,0,1,0,2,2,1,0,8,5,0,4,0,7,2,4,0,3,2,1
207,1,1,1,1,0,1,0,1,0,0,1,0,0,0,0,0,5,0,1,9,9,6,4,7,7,7,4,5,7,0,3
208,0,0,0,0,0,0,0,0,0,1,0,0,1,0,1,7,9,6,3,5,2,9,4,5,7,7,4,0,0,3,2
209,0,0,1,1,0,1,0,1,0,0,1,0,0,0,0,7,4,1,8,5,7,0,2,1,2,0,1,9,0,7,2
210,1,0,0,1,1,0,1,1,1,1,0,1,0,0,0,7,0,1,9,4,8,3,1,7,0,1,1,2,4,9,0
211,0,0,1,1,1,1,0,0,1,1,0,1,0,0,0,2,1,9,10,2,1,0,0,4,1,4,1,1,10,9,2
212,0,0,0,1,1,0,1,0,0,0,1,0,0,0,0,5,3,4,8,8,9,5,5,5,5,4,1,3,4,2,0
213,0,0,1,0,0,0,1,0,0,1,1,0,0,0,1,0,3,1,8,2,9,4,6,0,1,4,0,7,0,10,2
214,0,1,0,1,1,1,0,0,1,0,0,0,1,0,0,2,1,0,4,4,1,8,9,9,9,7,0,9,7,3,0
215,0,0,1,1,1,1,1,0,0,1,1,0,0,1,1,7,3,7,5,0,8,3,3,8,1,1,2,4,0,7,3
216,1,1,0,0,0,1,1,0,0,0,0,0,0,0,0,8,10,8,5,5,8,1,10,4,10,1,0,3,4,5,4
217,0,0,0,0,1,1,0,0,0,1,0,1,1,0,0,2,3,10,2,0,0,2,5,7,4,5,1,6,10,6,3
218,0,0,1,1,1,1,1,1,1,0,1,0,0,1,0,4,2,10,4,9,4,5,2,8,1,2,0,6,5,1,0
219,1,1,1,1,0,1,0,0,0,0,1,0,0,1,0,0,5,0,0,9,9,5,4,8,10,2,4,3,0,1,1
220,0,0,0,0,0,0,0,0,0,0,0,1,0,1,0,10,2,0,0,0,0,1,2,5,0,6,1,10,5,3,0
221,0,0,0,0,1,0,1,0,1,1,0,1,1,1,1,0,0,1,3,2,1,3,9,10,3,6,1,0,9,0,3
222,0,1,0,0,1,1,0,0,0,0,1,0,0,1,0,1,2,2,5,7,5,0,5,5,2,5,1,8,3,1,0
223,1,0,0,0,0,1,0,1,0,1,0,1,0,0,0,10,2,7,7,6,7,0,2,2,1,9,1,10,10,10,1
224,0,0,0,0,0,0,0,0,0,1,0,1,0,0,1,7,4,5,0,6,3,0,3,5,0,5,5,0,0,2,0
225,1,1,0,0,1,1,0,0,0,1,0,1,0,1,0,0,2,1,9,7,2,0,1,0,7,2,7,7,4,10,1
226,1,0,1,0,0,1,0,0,0,1,0,1,0,0,0,2,2,3,7,7,6,0,4,0,4,1,7,0,3,2,1
227,0,1,1,1,1,1,0,0,1,0,0,0,0,1,0,4,6,7,3,0,0,7,1,8,1,0,0,6,5,7,3
228,1,1,0,0,0,0,0,0,1,1,1,1,1,1,1,10,10,8,9,0,0,0,3,6,1,6,5,9,4,2,3
229,0,1,1,0,1,0,0,1,0,0,0,0,0,0,0,0,3,5,6,1,0,0,9,5,7,1,1,10,5,7,0
230,1,1,0,0,0,1,0,0,1,0,0,1,0,0,1,8,5,5,2,4,7,10,4,4,1,1,0,4,4,0,3
231,1,1,0,1,0,0,0,1,0,1,1,0,0,0,0,2,0,6,1,4,4,3,4,1,3,6,4,1,3,2,1
232,0,0,1,1,1,1,0,0,1,1,0,1,0,0,1,0,1,1,9,2,9,8,8,9,5,5,5,0,10,8,2
233,1,0,1,0,1,1,0,1,0,1,0,0,0,0,1,0,5,0,7,4,0,6,5,1,6,10,5,9,9,9,0
234,1,0,0,0,1,1,1,0,1,0,0,0,0,1,0,7,3,7,10,4,2,0,2,0,3,2,3,0,4,9,1
235,0,0,1,1,1,1,0,0,0,1,1,1,0,0,0,2,4,7,2,2,9,1,6,0,0,0,0,7,1,5,1
236,1,1,0,0,0,1,0,0,0,1,1,1,0,1,1,1,6,1,9,6,10,5,0,1,6,5,7,0,1,0,1
237,0,0,0,0,0,0,1,1,0,1,0,0,0,0,1,0,1,1,1,5,6,3,6,0,2,3,0,4,3,5,1
238,1,0,0,1,1,1,1,1,0,1,1,1,1,1,1,2,9,1,7,1,1,2,4,4,1,0,1,6,4,6,1
239,1,0,0,0,0,0,0,0,0,1,0,1,0,0,0,10,2,0,0,0,0,0,2,5,1,6,1,10,5,1,0
240,1,0,1,0,1,1,0,1,0,0,0,0,1,0,0,7,2,10,7,6,4,7,3,10,1,0,0,6,5,1,0
241,0,0,0,0,0,1,1,0,1,1,1,1,1,1,0,2,7,3,0,1,7,0,7,0,1,9,3,5,5,6,3
242,1,1,1,0,0,0,0,1,0,0,0,0,1,0,0,1,5,3,8,7,5,0,8,5,2,2,4,1,3,2,2
243,0,1,1,0,1,1,1,1,0,0,1,0,0,1,1,3,1,7,10,1,5,3,1,1,0,2,3,4,5,8,0
244,0,0,0,1,1,1,0,0,1,1,1,1,0,0,0,0,5,1,5,5,0,0,3,6,2,0,0,10,1,6,2
245,0,0,0,1,1,0,0,1,0,1,0,1,0,0,1,4,2,5,0,5,0,7,2,5,0,4,7,7,5,2,0
246,1,0,0,1,0,0,1,1,0,1,1,1,1,1,1,2,9,1,10,1,1,5,3,6,0,2,2,6,6,7,0
247,0,1,0,0,1,1,0,1,0,1,1,0,0,1,0,6,4,3,10,8,6,0,3,2,1,5,1,7,3,4,0
248,0,0,0,1,0,0,0,0,0,1,0,1,0,0,1,4,5,4,0,4,7,0,1,5,4,2,5,4,4,1,1
249,1,1,1,1,1,0,0,0,0,1,0,0,1,0,1,7,2,6,7,1,0,8,2,2,0,4,7,9,4,10,0
250,0,0,0,0,0,0,1,1,0,1,0,1,0,0,1,7,3,4,1,7,7,9,7,6,5,3,2,3,0,2,0
251,0,0,1,1,0,0,0,0,1,1,1,0,0,0,1,2,0,7,2,0,7,7,1,8,1,3,0,7,0,5,2
252,1,0,0,1,1,1,0,0,0,1,1,0,1,0,1,4,1,0,0,1,0,0,2,0,0,1,0,6,4,5,3
253,0,0,0,1,0,0,0,0,0,0,0,0,0,1,0,7,5,0,5,6,4,0,2,5,1,0,2,5,9,6,0
254,0,0,0,0,0,0,1,0,0,0,0,1,0,1,1,0,0,1,0,3,5,0,6,9,2,7,3,0,8,0,3
255,0,0,1,1,0,0,0,0,0,0,1,0,0,1,0,7,4,1,7,5,3,0,6,1,1,0,1,10,0,4,0
256,1,0,0,0,1,0,0,1,0,0,1,0,0,1,0,9,7,4,5,8,3,0,3,1,2,5,0,0,5,1,0
257,1,0,1,0,1,1,0,1,0,0,0,1,0,0,0,1,2,3,7,6,5,0,4,1,1,0,0,7,3,1,0
258,1,0,0,0,0,0,0,0,1,0,0,0,0,1,0,0,2,1,7,0,9,0,7,0,4,2,7,6,7,4,2
259,0,0,1,0,1,0,0,0,1,0,0,1,0,0,0,3,2,0,8,1,5,0,1,2,7,6,0,1,5,5,0
260,0,0,0,1,0,0,1,1,0,1,0,0,0,0,1,3,3,6,7,2,6,7,4,6,0,4,0,9,7,5,1
261,1,0,0,0,0,0,0,0,0,1,0,0,0,0,1,7,4,2,2,9,3,9,3,5,2,5,4,0,0,2,0
262,0,0,1,0,1,0,0,0,0,1,1,0,0,0,1,0,4,0,4,2,9,1,6,0,1,7,0,7,1,10,1
263,0,0,0,0,1,0,1,0,1,0,0,0,0,0,1,3,2,5,8,0,7,3,3,0,0,4,6,7,5,3,3
264,0,1,1,0,0,0,0,0,0,0,1,0,0,0,0,1,4,7,1,0,7,0,8,8,1,2,0,7,3,5,2
265,0,0,1,1,1,0,0,1,1,1,0,1,1,1,1,3,0,1,1,4,9,2,1,10,3,5,6,0,9,1,3
266,1,0,0,0,0,1,1,0,1,1,0,1,1,0,1,0,5,0,1,5,1,5,8,3,7,0,2,0,4,5,3
267,0,1,0,0,0,1,0,0,1,1,0,1,0,0,0,2,9,0,4,0,0,7,4,5,7,6,2,7,7,4,1
268,0,0,0,0,0,1,0,1,0,0,0,0,0,0,1,0,1,1,6,6,6,0,1,0,2,2,0,5,5,6,1
269,1,0,1,1,0,1,1,0,0,1,0,0,0,0,0,1,5,1,10,6,2,0,7,5,1,1,5,0,0,2,0
270,1,0,0,0,1,0,1,0,1,0,0,1,0,1,1,0,0,1,3,2,6,0,9,9,2,7,0,0,9,0,3
271,0,1,0,0,0,1,0,1,0,0,1,1,1,0,1,1,4,9,1,6,0,6,7,4,0,4,6,7,0,1,0
272,1,0,0,1,0,0,0,0,0,0,0,0,0,1,0,0,5,9,6,6,3,0,2,6,1,0,5,10,1,1,0
273,0,0,1,0,1,1,1,1,1,0,0,0,1,0,0,5,2,3,8,3,7,0,9,0,1,9,7,2,1,1,0
274,0,0,1,0,1,0,0,1,0,0,0,1,0,0,0,1,3,7,2,2,7,9,9,8,0,6,1,6,6,6,3
275,0,0,0,0,0,0,0,0,1,0,0,1,1,1,1,3,0,0,5,2,1,0,4,3,3,9,1,0,10,0,3
276,0,0,0,0,0,0,0,0,0,0,0,0,0,1,0,7,2,0,7,1,10,0,5,6,2,2,5,5,6,7,3
277,0,0,0,0,1,0,0,0,1,0,1,1,1,1,1,3,1,5,0,5,0,7,2,10,0,4,0,7,5,2,0
278,0,0,0,1,1,0,1,0,0,0,0,1,0,0,0,5,1,0,4,0,3,0,2,2,0,6,2,5,5,3,0
279,0,0,0,0,0,0,0,0,0,0,0,1,0,0,0,2,4,6,2,6,2,5,4,5,0,0,5,2,8,1,0
280,0,1,0,0,0,0,0,0,0,1,1,1,0,0,0,1,4,10,0,0,7,0,7,8,0,2,8,7,1,2,3
281,0,0,0,0,0,0,0,0,0,1,0,0,0,1,1,0,4,8,4,1,0,6,5,0,6,5,5,8,1,10,2
282,0,1,1,0,1,0,0,1,0,1,0,1,1,0,1,0,3,10,3,8,5,5,1,4,7,9,8,0,0,1,0
283,0,0,1,0,0,1,1,0,0,0,1,0,1,1,1,0,4,0,0,5,3,1,9,0,1,0,2,5,0,5,3
284,0,0,1,1,0,0,0,0,1,0,0,1,0,0,1,1,3,8,8,4,0,0,6,4,1,8,1,10,6,3,2
285,1,1,1,0,1,1,1,1,0,0,0,0,0,0,1,5,3,4,7,3,7,3,2,1,4,6,1,6,5,0,0
286,0,0,1,0,0,1,0,0,0,0,0,0,0,1,0,6,4,6,8,6,0,0,2,2,6,0,1,5,3,4,0
287,1,0,1,0,1,0,0,0,0,0,1,0,1,0,1,1,4,2,3,4,0,6,4,6,7,6,10,0,0,0,0
288,1,0,0,1,0,0,0,0,1,0,0,0,0,0,1,4,0,0,4,2,4,4,6,3,6,10,2,0,5,5,0
289,1,0,0,1,1,1,1,1,0,0,0,1,0,0,0,5,0,0,6,3,4,3,1,6,0,1,2,5,4,9,0
290,0,0,0,0,1,1,0,1,1,0,0,0,1,0,0,3,1,3,8,3,3,0,6,3,1,6,7,1,0,2,0
291,1,0,0,1,1,0,0,0,0,0,0,0,1,0,1,7,2,7,6,1,3,0,2,0,0,0,1,6,3,5,0
292,0,0,1,0,0,0,1,0,0,0,0,0,0,1,0,3,6,0,0,4,10,8,9,9,5,0,3,1,4,3,3
293,0,0,1,0,1,0,0,0,0,0,1,0,0,1,0,7,10,1,8,6,1,0,6,5,1,0,0,5,1,5,1
294,1,0,0,0,1,0,1,0,1,0,0,0,1,1,1,0,0,0,7,3,3,0,10,0,3,2,3,0,7,10,1
295,0,1,0,0,0,0,0,0,1,0,0,1,0,0,0,0,2,5,5,0,7,3,7,5,0,4,6,7,6,2,3
296,0,0,0,0,0,0,0,1,0,0,0,0,1,1,1,4,0,5,2,3,0,3,1,1,0,6,6,7,5,10,3
297,0,1,1,1,0,0,0,0,0,0,0,0,1,1,0,7,5,2,6,5,2,1,6,6,1,0,1,9,0,7,0
298,1,1,1,1,0,1,0,0,0,0,0,0,0,1,1,1,4,2,7,3,2,1,8,1,1,2,5,4,0,4,0
299,1,0,0,1,0,0,0,1,0,0,0,1,0,0,1,0,3,2,6,0,5,0,7,2,3,4,4,0,5,0,3
300,1,0,0,0,1,0,1,0,1,0,0,0,0,1,0,1,0,8,10,4,3,2,4,0,0,3,3,1,4,9,1
301,0,0,0,0,1,0,0,1,0,0,0,0,0,1,0,7,2,0,5,6,4,0,2,6,1,0,5,6,10,9,0
302,0,0,0,0,0,0,0,0,0,1,0,1,1,0,0,2,8,6,3,2,4,0,4,1,7,6,2,4,4,5,3
303,1,0,0,0,1,1,0,1,0,0,0,0,1,0,1,3,1,0,9,7,9,8,1,3,2,2,7,6,4,6,3
304,0,0,0,1,0,0,0,0,1,0,0,1,1,0,1,3,4,7,8,0,3,3,0,5,3,9,7,4,5,0,3
305,0,0,0,0,0,0,0,1,0,1,0,0,0,1,1,1,7,5,5,10,2,3,6,1,3,3,0,3,2,5,0
306,0,1,0,0,0,0,0,1,1,0,0,1,0,0,0,5,3,1,9,8,2,1,1,3,7,2,9,0,7,4,0
307,1,0,0,1,1,1,1,0,0,0,0,0,0,0,0,5,1,0,4,6,2,0,3,2,0,1,2,0,4,3,0
308,1,0,0,0,0,0,0,1,0,0,0,0,0,0,0,1,4,6,5,9,2,10,4,2,1,10,6,0,9,4,1
309,0,0,1,0,0,0,0,0,0,0,1,0,1,0,1,7,1,1,3,5,1,6,4,6,7,6,4,0,0,0,3
310,0,0,0,0,0,1,0,0,0,0,0,0,0,0,0,5,5,7,7,6,0,0,2,2,1,8,1,10,1,5,0
311,1,0,0,1,0,0,1,0,1,0,0,1,0,1,0,4,0,0,4,2,6,0,9,2,6,10,3,0,10,5,3
312,1,0,0,0,1,1,0,1,1,0,0,0,0,1,0,2,2,2,8,0,0,1,8,5,2,1,4,1,0,2,0
313,0,0,0,0,0,0,0,0,0,1,0,1,0,0,0,3,2,0,4,0,0,1,3,5,4,9,1,5,10,9,3
314,0,0,0,0,0,0,0,0,1,0,0,1,1,1,1,2,0,1,5,0,0,0,9,5,3,6,1,1,6,3,0
315,0,0,0,0,0,0,1,0,0,1,1,1,1,1,0,7,0,1,7,4,1,3,6,10,0,0,0,5,4,3,2
316,1,0,0,1,1,0,1,1,0,1,0,1,0,0,0,0,2,6,9,3,5,0,1,0,0,1,7,6,4,10,1
317,1,0,0,0,1,0,0,0,1,0,0,0,0,0,1,0,0,1,3,2,4,4,6,6,2,7,1,0,6,1,0
318,0,0,1,0,1,1,0,0,0,0,0,0,1,0,1,4,0,5,0,2,3,7,5,10,3,1,0,5,10,0,0
319,1,1,0,1,0,0,0,0,0,0,0,0,0,0,1,0,4,9,6,6,2,0,6,5,1,0,6,7,1,1,0
320,0,0,0,0,0,0,0,0,1,0,0,1,1,1,1,2,0,1,0,0,0,0,9,5,2,6,1,1,6,3,0
321,1,0,0,0,0,0,1,0,1,0,0,0,0,1,0,0,2,1,7,0,5,0,4,0,4,2,0,1,7,10,1
322,0,1,1,0,1,1,0,0,0,0,0,0,1,0,1,0,9,3,8,3,2,0,6,3,1,5,7,1,1,5,1
323,0,0,1,0,1,0,0,0,0,0,1,0,0,1,1,3,3,0,7,4,0,0,7,4,1,4,2,5,6,9,1
324,0,0,1,0,0,1,0,0,0,1,1,1,1,0,0,1,4,7,1,5,1,2,6,0,1,0,0,5,0,5,0
325,1,1,0,0,0,1,0,0,1,1,0,1,1,1,1,2,7,1,9,5,4,5,6,3,6,5,6,0,7,0,1
326,1,0,0,0,1,0,0,0,0,1,0,0,1,0,1,1,6,5,3,4,3,9,4,5,7,7,10,0,0,0,1
327,0,0,0,0,0,0,0,0,1,1,0,0,0,1,0,0,4,9,0,6,5,0,5,6,7,5,4,0,7,4,1
328,0,0,0,0,1,0,0,0,1,0,0,0,0,0,0,8,0,2,8,4,2,3,2,3,0,4,4,2,0,2,0
329,0,0,0,0,0,0,0,0,0,0,0,1,0,0,0,7,5,6,6,9,2,0,1,1,5,10,10,6,0,2,0
330,0,0,1,1,0,1,1,0,1,1,0,0,1,1,0,2,0,0,7,3,0,2,6,8,8,6,2,5,8,7,0
331,1,1,0,0,0,0,0,1,0,0,0,0,0,0,1,5,3,1,9,6,2,1,1,3,1,0,9,0,0,5,0
332,0,1,0,1,1,1,0,0,0,0,0,0,0,0,1,4,0,0,8,3,2,0,6,3,6,5,7,0,6,5,0
333,0,0,0,0,0,0,0,0,0,1,1,1,1,1,1,3,1,5,0,1,7,7,2,2,0,3,2,7,4,1,0
334,1,0,1,0,1,1,0,1,0,0,0,1,0,0,0,1,3,0,5,5,0,5,6,7,1,0,1,6,7,1,0
335,0,0,1,0,0,0,0,1,0,0,0,0,0,0,1,0,3,10,1,8,6,2,1,0,0,2,8,6,2,6,0
336,1,1,1,1,0,0,0,0,0,0,0,0,0,0,1,1,4,2,0,3,1,1,7,1,6,1,5,7,0,0,0
337,0,0,0,0,1,0,1,1,1,1,0,1,1,1,1,2,0,1,7,1,1,1,8,4,1,0,1,6,7,0,0
338,0,0,0,0,0,1,0,0,0,0,1,0,0,1,1,1,1,1,9,6,9,2,1,0,5,2,0,5,5,7,1
339,0,1,0,0,0,1,0,1,0,0,1,1,0,0,0,1,1,6,1,9,2,10,7,2,0,4,5,7,0,4,0
340,1,0,0,0,1,0,0,0,0,0,0,1,0,1,1,7,6,2,7,3,1,1,6,9,1,0,3,0,5,0,1
341,0,0,1,0,0,1,0,0,0,0,0,0,0,0,0,5,5,7,0,5,3,0,10,2,1,0,2,5,0,5,3
342,1,0,0,0,0,0,0,0,1,0,0,0,0,0,0,1,5,4,4,5,0,4,0,8,7,10,10,2,7,7,0
343,1,0,1,1,1,1,1,0,0,1,0,1,1,0,1,0,4,1,1,1,2,0,9,10,3,6,5,0,0,0,0
344,0,0,0,0,0,0,1,0,1,1,0,0,0,1,0,1,1,1,2,5,1,3,7,5,1,1,1,0,9,2,3
345,1,0,0,1,1,0,0,0,0,0,0,0,0,0,0,0,3,7,5,1,0,4,1,0,0,0,1,6,7,5,0
346,0,0,0,1,1,1,0,0,0,0,0,1,0,0,0,4,6,0,0,1,0,0,2,3,0,1,0,5,5,4,0
347,0,0,0,0,0,0,0,0,1,0,0,1,1,1,1,2,1,2,6,4,0,7,5,10,3,6,0,0,5,3,0
348,0,0,1,0,0,0,1,1,0,0,0,0,0,0,0,3,6,7,2,5,6,8,9,8,2,6,4,6,7,4,3
349,1,0,0,0,1,0,0,0,0,1,0,1,1,1,1,5,0,5,0,3,4,1,2,6,0,6,3,4,7,9,0
350,0,1,0,0,1,0,1,0,0,0,0,1,1,1,0,1,0,0,5,1,3,1,2,5,0,4,4,6,10,2,0
351,0,0,0,0,1,0,0,0,1,0,1,1,1,1,1,3,0,6,3,1,0,1,4,5,0,4,1,6,6,3,0
352,0,0,0,0,1,1,0,0,0,1,0,0,1,0,1,7,5,2,4,7,3,5,3,6,7,6,1,0,0,0,1
353,0,1,0,1,0,1,1,0,0,0,1,0,0,0,0,1,6,1,6,6,2,7,7,5,1,1,5,0,0,5,0
354,0,0,0,0,0,0,1,0,0,0,0,1,0,1,1,0,3,1,7,3,5,0,7,1,3,2,0,0,7,5,3
355,0,0,0,0,0,0,0,0,0,0,0,1,0,1,1,5,6,7,0,1,1,1,5,5,0,1,1,5,5,5,2
356,1,0,0,1,1,1,0,1,0,1,1,1,1,1,0,3,3,1,7,0,0,2,3,4,1,7,1,9,4,0,0
357,1,0,0,1,1,1,0,0,1,0,0,1,1,1,0,0,1,0,7,0,3,0,3,3,0,1,3,2,4,4,0
358,0,0,0,0,0,0,0,0,0,0,0,0,0,1,0,7,6,1,6,6,5,0,1,7,1,0,3,5,9,6,0
359,1,1,0,1,1,0,0,0,0,1,0,0,0,0,1,1,6,5,0,3,0,6,7,2,7,1,10,0,0,0,0
360,0,0,0,0,0,1,0,0,0,1,0,0,0,0,0,5,6,6,7,6,0,0,2,3,0,7,1,1,4,1,0
361,1,0,0,0,1,0,0,0,1,0,0,0,1,0,0,3,3,4,7,0,4,0,8,1,3,6,4,1,7,9,0
362,0,0,0,0,1,0,1,0,0,0,0,0,0,0,1,4,7,0,0,2,0,0,5,0,3,2,1,7,7,10,1
363,0,0,1,0,0,0,0,1,1,0,0,0,0,0,0,0,3,7,3,3,4,8,9,6,10,7,1,1,6,6,3
364,1,0,0,0,1,0,0,0,0,1,1,1,0,1,1,1,7,2,1,1,1,5,3,6,0,6,3,0,0,5,1
365,0,0,0,0,1,0,1,0,0,0,0,1,0,0,1,0,0,0,4,2,5,0,5,6,2,7,0,7,9,0,3
366,1,0,0,0,0,1,0,0,1,0,0,0,0,1,1,1,2,1,8,3,0,6,1,5,5,0,1,1,2,2,3
367,1,0,0,0,1,1,0,1,1,0,0,0,0,1,1,3,3,1,8,3,6,1,9,1,3,1,7,1,0,2,2
368,0,0,0,0,1,0,0,0,1,1,0,1,1,1,1,0,1,5,1,5,0,0,5,4,0,9,0,7,6,10,0
369,0,0,0,0,0,0,0,0,0,0,0,0,0,1,0,5,3,1,0,2,5,0,2,4,2,7,2,5,8,1,0
370,0,1,0,1,0,1,0,1,0,0,0,1,0,1,1,4,0,9,3,5,2,8,10,4,7,3,5,3,2,0,4
371,0,1,1,1,1,1,0,0,1,1,1,1,1,0,1,1,5,4,3,0,1,1,1,1,0,5,5,10,5,7,4
372,0,1,0,0,0,1,0,0,1,0,0,0,1,0,0,3,2,6,8,6,0,1,1,0,7,9,7,10,10,2,4
373,1,0,0,0,1,1,0,1,0,0,1,0,1,1,0,0,9,0,4,4,9,2,4,7,4,3,1,5,4,6,1
374,0,0,0,1,1,0,0,0,0,1,1,1,1,0,0,4,3,2,4,1,3,1,1,3,0,10,7,0,1,8,0
375,0,0,1,1,0,0,0,0,1,1,0,1,1,0,1,7,0,7,6,1,5,1,3,8,1,4,2,6,9,1,2
376,0,1,0,1,1,1,1,1,0,0,1,1,1,0,1,3,3,7,5,0,7,2,4,7,6,0,3,3,0,8,0
377,1,0,0,0,1,1,1,1,0,0,0,0,1,1,1,6,6,0,7,2,3,6,1,4,4,0,3,7,2,7,3
378,1,0,0,1,1,1,1,0,0,1,0,1,0,1,0,5,2,8,5,8,3,3,9,2,4,2,0,2,4,3,1
379,0,1,1,1,1,0,1,0,0,1,1,0,1,0,0,7,1,7,4,4,3,3,9,5,3,0,2,3,7,0,2
380,1,1,0,0,0,0,1,1,0,0,0,1,1,1,1,5,1,5,4,0,3,9,3,0,0,7,3,10,9,3,3
381,1,0,1,1,1,1,0,1,1,0,1,1,0,0,0,0,0,1,3,8,9,6,0,1,5,8,9,5,1,7,4
382,1,0,1,0,1,0,0,1,0,0,0,1,1,0,1,3,0,4,4,0,5,2,8,2,1,7,1,0,3,2,4
383,1,1,1,1,0,0,1,1,0,0,1,1,0,1,1,4,7,6,7,3,3,6,1,2,2,3,0,10,0,2,0
384,1,1,0,1,0,0,1,0,0,0,1,1,0,1,0,2,10,9,9,9,1,5,0,0,6,10,6,1,4,5,3
385,1,1,0,0,0,1,0,1,1,0,0,0,0,0,0,4,10,7,5,3,8,2,4,3,3,1,4,2,1,2,1
386,0,1,1,0,1,0,0,1,0,1,1,0,1,0,0,2,1,0,8,10,9,6,6,1,2,10,2,6,9,6,4
387,1,0,0,0,0,0,0,1,0,1,0,1,0,1,1,6,10,10,0,7,8,3,0,10,0,2,3,9,1,1,3
388,0,1,0,0,0,1,1,0,1,1,1,1,1,1,0,4,0,0,9,8,1,7,9,8,0,8,0,9,0,10,4
389,1,1,0,0,0,1,0,1,0,1,0,0,1,0,0,7,6,3,6,1,8,5,3,5,3,0,3,0,6,3,1
390,1,1,0,1,0,0,0,0,0,0,1,1,0,1,1,7,6,6,7,4,0,0,3,3,4,4,9,1,0,2,0
391,0,1,1,1,1,1,1,1,0,0,1,1,1,1,1,9,7,7,9,4,2,6,2,0,0,7,0,2,6,9,0
392,0,0,0,0,0,0,0,1,0,1,1,1,0,1,0,7,2,2,1,6,8,3,2,10,0,2,1,10,6,1,3
393,0,1,0,0,0,0,1,0,0,1,0,0,0,0,0,6,5,7,4,3,8,2,10,3,7,1,5,5,6,2,2
394,0,1,1,1,0,0,0,1,1,0,0,0,1,1,1,10,1,10,5,0,2,7,7,2,7,9,6,3,0,0,4
395,0,0,0,1,0,0,0,1,0,0,0,0,0,1,1,3,1,5,2,1,0,9,7,1,4,8,7,0,1,1,2
396,1,0,1,1,0,0,0,0,1,0,0,0,1,0,1,2,0,7,0,7,6,2,4,1,2,6,2,3,5,2,3
397,1,1,0,1,1,1,0,1,0,0,1,0,1,1,0,7,9,9,4,2,1,6,1,0,4,2,2,1,0,2,2
398,1,0,0,0,1,1,0,0,1,0,0,0,0,0,0,0,1,2,3,6,7,2,8,5,5,4,4,5,0,0,3
399,1,0,1,0,1,1,0,1,0,1,0,1,0,0,1,1,1,4,4,5,5,3,9,2,1,0,6,7,2,3,1
400,0,1,1,0,1,1,0,0,1,0,1,1,1,1,1,2,4,0,6,1,5,1,5,5,10,5,3,1,7,1,3
401,1,0,1,1,0,0,1,0,1,0,1,1,1,0,0,3,1,0,1,2,2,3,0,10,1,5,7,2,1,9,2
402,0,1,1,0,0,1,1,1,0,1,1,0,0,0,1,6,5,7,0,6,0,6,5,2,1,3,5,7,7,10,4
403,0,1,1,1,1,1,0,1,0,0,1,1,1,0,0,0,0,0,5,9,9,5,5,0,0,9,3,6,9,7,0
404,1,0,1,1,0,0,1,1,1,0,0,1,0,1,1,1,0,7,6,4,3,7,2,1,0,1,1,9,7,6,0
405,0,1,0,0,0,0,1,1,1,0,1,1,1,1,0,1,3,10,0,7,4,0,1,10,0,0,5,3,4,6,3
406,0,1,1,1,1,1,1,1,0,0,1,0,0,0,1,7,5,4,4,2,0,6,2,0,1,2,4,5,3,10,3
407,0,0,0,0,0,0,0,0,0,1,0,1,0,0,0,5,0,5,0,7,8,6,0,2,10,3,4,6,3,2,0
408,1,0,1,0,1,1,0,0,0,0,0,0,1,0,1,0,1,4,4,6,5,2,8,2,5,7,5,1,0,0,4
409,0,0,0,0,1,0,0,1,0,0,0,1,0,0,0,3,0,2,3,0,7,2,8,5,1,4,0,4,3,2,3
410,0,0,0,0,0,0,1,0,0,1,0,1,0,0,0,9,5,0,4,3,6,10,5,9,4,1,10,5,4,6,1
411,0,0,0,0,1,0,0,1,0,1,1,0,0,0,0,7,6,3,9,0,8,1,0,6,3,2,3,0,4,0,0
412,1,1,1,1,1,1,1,1,1,1,0,1,0,0,0,10,5,7,5,3,1,0,7,0,10,1,7,1,5,0,0
413,1,1,0,0,0,0,0,1,0,1,0,1,1,1,1,1,1,3,3,1,4,1,2,0,3,8,4,1,9,0,3
414,1,1,0,1,0,0,0,1,0,0,0,1,1,1,1,5,1,6,7,3,0,6,3,0,0,7,2,9,0,2,0
415,1,0,0,0,0,0,1,0,1,0,0,0,0,1,0,7,6,5,1,0,4,10,7,10,7,0,8,2,3,5,0
416,0,0,0,0,0,0,1,0,0,1,0,0,0,0,0,7,5,1,4,5,1,5,6,9,4,1,9,2,7,9,0
417,0,0,0,0,1,0,0,1,1,0,0,0,1,1,1,0,0,9,4,0,0,9,5,5,3,10,5,2,0,1,1
418,1,1,0,0,1,0,0,1,0,1,0,1,1,1,1,5,1,3,4,1,6,0,0,2,3,10,5,2,3,0,0
419,1,1,0,1,0,0,0,0,0,0,1,1,0,0,0,4,5,6,7,7,0,1,5,3,4,3,9,1,1,2,0
420,0,0,0,0,0,0,1,0,0,1,0,1,0,0,0,3,2,4,6,1,1,5,0,0,5,10,6,3,3,2,3
421,0,0,0,1,0,0,1,1,1,1,1,0,1,1,0,7,9,6,4,2,0,6,1,0,5,2,3,3,7,2,2
422,1,0,0,1,0,0,0,1,0,1,1,0,0,0,1,8,3,4,0,4,0,3,8,3,1,1,3,6,3,6,0
423,0,0,1,1,0,0,0,0,0,1,0,0,1,0,0,0,10,7,5,6,7,7,0,0,6,5,2,10,0,2,3
424,0,0,0,0,0,0,0,1,0,0,0,1,0,1,0,3,3,5,1,5,0,9,7,2,5,8,4,0,2,1,3
425,1,1,0,0,0,1,0,1,0,0,0,1,1,1,0,2,6,2,5,1,9,5,4,5,10,0,5,0,7,0,0
426,1,1,0,1,0,0,1,0,0,1,1,1,1,0,0,7,3,10,5,1,3,4,0,0,7,9,9,2,1,8,0
427,0,0,1,0,0,0,1,0,1,1,0,1,0,1,0,6,4,0,7,2,3,10,6,10,4,2,5,10,1,1,3
428,1,1,0,0,0,0,1,1,1,0,1,1,1,1,0,1,1,3,0,1,4,9,5,0,7,8,7,0,6,1,3
429,1,1,0,1,1,0,0,1,0,0,1,1,1,1,0,5,3,2,7,3,3,6,1,0,0,4,3,7,1,4,0
430,1,1,0,0,0,0,0,0,1,0,0,1,0,1,0,4,4,0,9,8,1,5,5,8,0,6,9,9,0,5,3
431,0,0,1,1,0,0,1,1,1,1,1,0,0,1,0,1,7,7,7,2,1,5,0,3,5,3,0,10,10,6,3
432,1,0,0,1,0,0,0,0,0,0,1,1,0,0,1,5,1,5,0,7,0,1,6,2,4,3,3,9,0,2,0
433,1,1,0,0,0,0,0,0,0,1,0,1,0,0,0,4,5,6,7,7,5,1,4,2,10,3,6,1,2,2,0
434,1,1,0,1,1,0,0,0,0,0,0,1,1,1,0,5,1,2,0,0,7,2,7,3,0,4,3,1,1,3,0
435,0,0,0,0,1,0,0,1,1,0,0,0,1,1,1,0,0,9,4,0,0,10,5,2,2,10,5,2,1,6,1
436,0,0,0,1,0,1,0,1,0,0,1,0,0,0,1,7,1,4,0,2,4,3,10,3,1,0,0,6,2,6,0
437,1,0,0,0,0,0,1,1,0,1,1,1,1,1,0,0,1,6,3,1,0,6,2,0,6,1,0,0,6,2,3
438,0,0,0,0,0,0,0,1,0,1,0,1,0,1,0,3,2,10,0,6,8,3,0,3,7,2,4,0,1,1,3
439,1,0,0,0,1,0,0,0,1,1,0,0,1,1,1,1,4,2,1,6,2,3,6,5,2,1,1,6,1,4,0
440,0,0,0,1,1,0,0,1,0,0,1,1,0,1,0,0,3,3,6,7,4,0,1,1,3,1,9,5,1,4,0
441,1,1,0,0,0,0,0,0,0,1,0,1,0,0,0,0,1,5,0,7,4,2,7,2,1,4,0,6,3,2,0
442,0,0,0,1,0,0,0,0,0,0,1,1,0,0,0,7,0,1,4,3,2,0,3,3,4,4,8,0,1,3,0
443,1,0,0,1,0,1,1,1,1,0,0,0,0,0,0,5,1,4,5,1,1,1,7,1,10,8,7,1,2,0,3
444,1,0,1,1,1,1,0,0,1,1,0,0,0,1,0,0,1,4,6,4,7,4,3,1,8,9,9,0,1,5,1
445,1,0,1,0,1,0,0,0,1,0,0,0,1,1,1,0,0,9,4,6,2,4,4,2,5,6,5,2,0,0,3
446,1,0,0,0,1,0,0,0,1,1,0,1,1,1,1,2,9,8,5,0,4,4,0,0,6,10,1,8,9,7,0
447,1,1,0,0,0,0,1,0,1,0,0,1,0,1,0,3,6,2,1,0,4,5,4,10,3,0,4,1,0,7,0
448,1,0,1,1,0,0,1,1,1,0,0,0,0,1,0,1,1,1,1,6,4,4,9,9,0,5,5,2,3,4,2
449,1,0,0,1,0,1,1,1,1,0,0,1,1,1,1,7,2,3,0,4,4,7,4,0,6,6,5,5,0,0,0
450,0,0,1,1,0,1,1,0,0,0,1,1,1,1,0,8,7,5,10,1,10,5,0,4,2,0,8,6,4,1,0
451,0,0,0,1,1,0,1,1,1,0,0,0,1,1,1,0,2,3,1,0,2,1,0,3,6,4,1,10,2,1,1
452,1,1,0,1,1,0,0,0,0,1,1,1,1,1,1,4,5,5,7,6,0,1,1,3,0,10,6,1,0,7,0
453,0,0,1,1,1,0,1,1,1,1,0,0,0,1,0,0,7,4,6,7,4,4,1,1,3,2,2,2,1,1,3
454,0,0,0,0,0,0,1,0,0,0,0,0,0,0,0,8,1,7,6,2,6,2,4,0,3,10,1,4,4,3,2
455,1,1,0,0,0,0,0,1,0,0,1,1,1,0,0,2,6,1,6,0,6,1,4,3,5,0,6,0,0,2,0
456,1,1,0,0,0,0,0,0,0,0,1,1,0,0,0,3,2,5,0,0,3,5,6,3,0,4,3,6,3,4,0
457,0,0,0,1,0,0,0,0,0,0,0,1,0,1,0,0,1,2,7,0,5,0,2,3,6,5,6,3,0,5,0
458,0,0,0,0,0,0,0,1,0,0,0,0,0,1,0,6,5,6,0,2,4,10,10,2,4,2,6,6,2,6,0
459,1,1,1,1,0,1,0,0,1,0,1,0,0,0,1,4,5,2,7,0,0,1,4,2,4,5,2,10,1,5,3
460,1,0,1,1,0,0,1,1,1,0,0,0,0,1,0,1,0,7,7,3,2,5,1,1,7,0,0,10,9,6,0
461,1,0,1,0,0,0,1,0,1,0,0,0,0,1,0,1,7,1,7,6,3,4,6,9,0,2,5,2,1,0,2
462,1,0,0,0,0,0,0,1,0,0,0,1,0,0,1,4,7,6,4,0,5,10,5,10,0,5,3,5,0,2,2
463,1,0,0,1,0,0,0,0,0,0,1,1,1,1,0,7,9,5,4,2,7,0,3,0,1,9,9,3,4,4,0
464,1,0,0,1,1,1,1,1,1,0,0,0,1,0,1,1,1,4,1,1,2,1,7,1,6,1,6,1,2,0,0
465,1,0,0,0,0,0,0,0,0,1,0,0,0,0,1,0,1,4,4,7,5,2,7,1,0,5,4,10,3,5,2
466,1,1,0,0,1,0,0,0,0,1,1,1,0,1,1,7,1,0,7,6,1,0,0,3,3,4,5,2,3,3,0
467,0,0,0,0,0,0,0,0,0,1,0,1,0,0,0,0,1,3,6,0,6,0,3,0,6,5,6,3,3,5,0
468,1,0,1,0,0,0,0,0,1,0,0,0,0,0,1,1,0,4,5,4,3,1,2,1,0,1,3,9,1,6,0
469,1,0,1,1,1,0,0,0,1,0,0,0,0,1,0,1,4,0,6,5,1,5,2,0,6,1,2,1,6,5,0
470,0,0,0,0,0,0,1,0,1,0,0,0,0,1,0,2,1,0,7,1,6,3,1,9,0,5,0,2,2,3,2
471,1,1,1,1,1,0,0,0,0,0,0,0,1,1,1,6,10,4,7,5,0,2,1,0,0,10,1,1,1,7,0
472,0,0,0,0,1,1,0,1,0,0,0,1,0,1,0,0,1,6,3,4,6,5,10,1,0,1,0,6,4,7,0
473,0,0,0,0,0,0,0,0,0,1,1,1,0,0,0,0,1,5,5,10,5,6,7,5,0,7,6,3,5,8,1
474,1,0,0,1,1,0,0,0,0,0,1,1,0,0,1,2,0,0,0,0,8,3,8,5,1,3,0,7,0,2,4
475,0,0,0,0,0,0,0,1,1,0,0,0,1,0,0,3,0,6,0,0,7,2,7,5,2,4,5,5,3,2,3
476,0,1,0,0,0,0,1,0,0,0,1,0,1,0,1,3,2,5,2,0,2,1,7,3,1,4,1,9,2,7,0
477,0,1,0,1,0,0,0,0,0,0,0,1,0,1,0,0,1,2,7,7,2,0,2,2,7,5,7,4,0,5,0
478,1,1,0,1,0,0,0,1,0,0,0,1,1,1,1,5,6,5,4,3,0,0,3,2,4,10,9,1,0,6,0
479,0,0,1,1,0,0,1,1,1,0,0,0,1,1,1,1,4,7,7,3,4,5,0,1,8,1,0,1,9,1,0
480,1,0,0,1,0,1,0,0,0,0,1,1,0,1,1,3,1,2,7,0,3,4,2,1,6,4,1,0,0,5,1
481,0,0,0,0,0,0,1,1,0,1,0,1,0,1,0,1,6,4,1,0,3,6,1,0,2,1,0,3,6,2,3
482,1,1,0,1,0,0,1,0,0,1,0,0,0,0,0,4,10,1,8,2,0,10,2,9,7,1,7,1,9,10,3
483,0,0,0,0,0,0,1,0,0,1,0,0,0,0,0,8,4,4,6,1,5,2,4,3,1,9,4,7,4,3,3
484,0,0,0,1,0,0,0,1,0,0,1,1,1,1,0,3,3,1,5,1,6,2,5,0,5,4,2,5,8,7,3
485,0,0,0,1,0,1,0,0,0,0,1,1,1,1,0,3,6,5,0,0,5,0,1,0,4,3,7,5,5,5,0
486,0,0,0,0,0,0,0,0,0,1,0,1,0,0,0,0,1,2,7,0,5,0,3,0,6,5,6,3,0,5,0
487,0,1,0,0,0,0,0,1,0,0,0,0,0,0,0,0,1,6,0,1,7,5,7,5,0,4,5,5,2,9,3
488,0,0,0,0,0,0,0,0,1,1,0,1,0,0,0,0,1,1,7,7,7,0,2,4,4,5,10,2,4,0,0
489,1,1,0,1,0,0,1,0,0,0,0,0,0,0,0,1,6,7,6,3,7,2,4,3,3,2,4,0,2,2,1
490,1,1,0,1,0,0,0,0,0,0,1,1,0,0,1,0,1,2,0,0,7,2,7,2,6,5,1,9,0,2,0
491,0,0,0,1,0,0,0,0,0,0,0,1,0,1,0,0,1,3,6,0,6,0,2,3,6,5,6,3,3,5,0
492,0,0,0,0,1,0,1,1,1,1,0,0,0,1,0,0,1,4,1,5,7,1,1,0,5,1,7,4,2,5,3
493,0,0,0,0,0,0,0,0,0,1,0,1,0,1,0,7,4,5,7,10,8,1,0,2,7,3,5,0,6,3,0
494,1,1,0,1,1,1,0,0,0,0,0,1,1,0,1,1,5,4,6,10,10,5,0,8,1,10,1,0,0,6,2
495,0,0,0,0,0,0,0,1,1,0,0,0,1,0,0,7,7,6,0,0,7,3,5,2,4,2,5,6,2,1,3
496,0,1,0,1,0,0,0,0,0,0,1,0,1,0,1,0,1,3,5,3,0,1,2,2,4,4,10,5,1,4,0
497,1,0,0,1,1,0,0,0,1,0,1,1,0,0,1,1,0,3,0,6,7,4,8,10,1,10,0,7,0,2,1
498,0,1,0,0,0,0,0,0,0,1,0,1,1,0,1,3,2,3,4,6,2,5,0,0,2,9,9,4,4,5,3
499,1,0,0,0,0,0,0,0,1,0,0,0,0,1,1,6,0,3,6,4,2,0,4,6,0,6,0,10,1,6,3
500,0,1,0,1,0,0,1,0,0,0,0,0,0,0,0,2,2,0,5,1,1,2,7,2,6,9,3,8,3,7,0
501,0,0,1,0,1,0,0,1,0,1,0,0,0,0,0,6,6,3,0,9,3,6,0,9,3,1,1,1,9,4,3
502,0,0,0,0,1,0,1,1,0,1,0,0,1,1,1,3,2,3,7,1,2,6,0,0,1,7,4,4,5,6,3
503,0,0,0,0,0,0,0,0,1,0,0,0,0,0,0,2,2,7,0,3,6,2,5,9,8,5,3,10,1,4,2
504,0,0,0,0,0,0,0,0,0,0,0,1,0,1,0,2,1,0,0,2,7,3,8,3,0,5,0,2,2,3,3
505,0,1,0,0,0,0,0,0,0,1,1,1,1,1,0,4,4,5,7,6,5,1,0,3,0,4,6,0,1,0,0
506,1,0,1,1,1,0,1,0,0,0,0,0,0,0,1,1,6,4,6,2,6,1,7,3,7,2,4,0,2,1,0
507,0,0,0,0,0,0,0,1,0,0,0,0,1,1,1,0,0,3,4,3,6,0,3,3,2,5,5,3,0,5,1
508,1,0,0,0,0,0,0,0,0,0,1,1,0,0,1,0,1,2,0,6,4,4,1,1,1,1,3,6,0,5,0
509,0,0,0,1,0,0,0,0,1,0,0,1,0,0,0,1,1,1,5,0,7,0,8,4,5,4,8,1,7,3,3
510,0,0,0,0,0,0,0,0,0,1,0,1,0,0,0,4,6,1,7,0,5,0,3,3,5,3,6,0,0,5,0
511,0,0,1,0,1,0,0,0,1,1,0,1,0,1,0,0,1,3,6,3,6,0,3,1,6,10,9,3,0,5,0
512,0,0,0,0,0,0,0,1,0,0,0,1,0,1,0,2,0,2,4,1,5,6,0,2,1,4,7,5,3,2,0
513,1,0,1,1,0,0,0,0,0,0,0,0,1,1,1,6,6,4,5,5,0,2,1,3,3,10,6,1,1,7,0
514,1,1,1,1,1,0,0,0,0,0,1,1,0,0,0,2,3,4,0,0,0,5,8,2,0,5,0,7,3,3,1
515,1,0,0,1,0,1,0,0,0,1,0,0,0,1,0,0,1,6,0,3,4,5,0,9,1,0,1,7,1,6,0
516,1,0,1,0,0,0,1,0,1,1,0,0,0,1,0,1,7,0,1,1,2,4,7,10,1,2,6,5,1,6,1
517,0,1,1,0,0,0,1,0,0,1,0,1,0,0,0,6,0,5,1,7,8,9,6,10,1,4,5,6,3,5,0
518,0,0,0,0,1,0,0,0,0,0,0,1,0,0,0,0,3,5,1,1,8,2,10,4,10,3,0,4,2,2,3
519,0,0,0,0,0,0,0,0,1,1,1,1,0,0,0,3,0,6,1,0,4,0,0,6,4,0,9,5,5,7,1
520,0,0,0,0,0,0,0,0,0,1,0,0,0,0,0,1,5,6,1,4,6,3,2,0,8,2,2,2,7,2,3
521,0,0,1,1,1,1,1,0,0,0,0,1,1,1,1,5,6,4,5,0,1,5,1,0,2,6,7,10,0,5,3
522,1,0,0,1,0,0,0,0,0,0,0,0,0,0,1,1,2,3,5,2,0,5,2,0,6,6,5,5,6,5,0
523,1,0,0,1,0,1,0,0,0,0,0,0,0,1,0,1,6,6,7,3,4,2,0,3,2,2,1,0,1,6,0
524,1,1,0,1,0,0,1,0,0,1,0,0,0,0,0,0,1,4,1,3,7,5,4,9,0,0,4,7,2,2,0
525,1,1,0,0,1,0,0,0,0,1,0,1,1,1,0,7,1,0,7,0,6,0,0,3,3,4,2,2,3,3,0
526,0,0,0,0,0,0,0,0,1,0,0,0,0,0,0,1,3,5,5,1,10,7,2,0,5,0,6,9,2,2,0
527,1,0,1,1,1,0,0,0,0,0,0,1,0,1,1,3,6,5,7,3,7,0,2,0,4,1,8,0,0,2,0
528,1,1,1,0,0,0,0,0,0,1,0,0,0,0,0,5,4,4,9,10,1,1,3,10,1,1,4,10,2,7,0
529,0,0,0,0,0,0,0,0,0,0,0,1,0,1,0,1,3,4,0,2,1,3,1,5,1,3,7,7,0,2,3
530,0,0,0,0,0,0,0,0,0,1,0,1,0,1,0,0,0,1,6,0,0,0,0,6,4,5,6,10,1,7,1
531,0,0,0,0,0,0,0,0,0,0,1,0,0,1,1,0,1,2,0,0,7,2,0,1,6,5,0,4,2,2,0
532,1,0,1,1,1,0,0,0,1,0,0,0,0,0,0,1,4,0,6,2,1,1,1,3,6,2,3,0,6,6,0
533,1,1,0,1,0,0,1,1,1,0,0,0,0,0,0,0,6,6,0,3,1,5,0,5,0,2,1,10,7,6,0
534,1,0,0,1,1,0,0,0,1,0,1,1,0,0,1,2,3,5,0,0,0,4,8,3,0,5,0,7,0,2,1
535,1,1,0,0,0,0,0,0,1,0,0,1,0,0,0,0,0,5,1,6,1,5,5,3,0,3,3,5,0,4,0
536,0,0,0,0,0,0,1,1,1,0,0,1,0,0,0,6,5,6,8,7,6,6,1,10,0,0,5,3,4,6,1
537,0,0,0,0,0,1,0,0,0,0,0,1,0,1,0,2,1,0,1,5,0,3,0,0,1,5,7,10,2,0,3
538,1,1,0,1,1,0,0,0,0,0,1,0,0,0,0,2,0,7,3,3,1,2,8,2,0,5,0,10,2,4,1
539,0,0,0,0,0,0,0,0,1,1,0,1,1,0,0,4,1,6,0,7,8,7,0,4,1,3,4,6,5,0,0
540,1,1,0,1,1,1,0,0,1,1,1,0,0,0,1,0,1,4,0,0,7,4,3,2,9,6,4,0,0,5,0
541,1,1,0,0,1,1,0,0,1,0,0,1,0,1,0,2,6,3,1,5,4,2,5,5,0,4,5,5,1,8,1
542,1,1,1,0,0,0,0,0,1,0,1,0,0,0,0,5,10,6,4,0,7,2,7,3,2,3,1,7,5,7,0
543,0,0,0,0,0,0,0,1,0,0,0,1,0,1,0,2,3,5,7,1,2,6,7,3,0,4,7,5,3,5,0
544,1,1,0,0,0,0,0,0,0,1,0,1,1,1,0,7,3,7,7,7,5,0,0,0,0,0,6,5,4,3,0
545,1,1,1,1,0,0,0,0,0,0,1,1,0,0,1,0,1,5,0,0,0,2,7,2,6,5,5,1,3,4,0
546,0,0,0,0,0,0,0,0,1,0,0,0,0,0,0,2,0,1,5,1,8,4,1,0,7,0,9,9,5,2,0
547,0,1,0,0,0,0,1,0,0,0,1,1,0,0,0,6,5,5,7,2,5,2,0,3,0,4,7,0,1,0,0
548,1,1,0,0,1,0,0,0,0,0,0,0,0,0,1,1,6,0,6,2,5,0,1,3,7,6,3,6,1,6,0
549,1,0,1,0,0,1,0,0,0,0,0,0,0,1,0,1,7,6,6,3,2,2,0,3,1,2,6,0,1,6,0
550,0,0,0,0,0,0,0,1,0,0,0,1,0,0,0,5,0,5,0,0,4,6,0,2,6,3,4,6,3,2,0
551,0,0,0,0,1,0,0,0,0,0,0,1,0,0,0,3,0,5,0,6,8,3,5,3,0,2,0,0,0,2,4
552,0,1,1,0,0,0,1,0,1,0,0,1,0,0,0,1,0,6,6,6,4,9,6,10,0,4,5,10,1,5,2
553,1,0,0,1,0,0,0,1,1,0,0,0,0,0,0,7,0,4,7,3,5,0,2,3,1,3,1,10,2,6,0
554,0,0,0,0,0,0,0,0,0,1,1,0,0,0,1,3,1,3,0,1,8,5,0,0,6,3,2,1,3,2,0
555,0,0,0,0,0,0,0,0,0,0,0,0,1,1,0,0,1,1,1,0,7,0,0,1,9,4,0,5,5,2,3
556,0,0,0,0,0,0,1,0,0,1,0,0,0,0,0,1,6,6,1,7,7,0,5,0,7,5,5,1,4,5,0
557,0,0,1,0,0,0,1,0,0,0,0,0,0,0,0,2,5,4,1,3,6,2,4,7,8,2,3,5,2,4,0
558,0,0,1,0,1,0,0,0,1,1,0,1,0,0,0,0,1,0,7,9,1,0,3,0,3,1,5,0,7,2,0
559,0,0,1,0,1,0,0,0,0,1,0,1,0,1,0,0,1,0,7,8,0,0,0,6,3,9,6,1,0,7,2
560,0,0,0,1,0,0,1,0,0,1,0,0,0,0,0,7,5,7,1,1,1,6,4,4,0,1,4,0,9,5,0
561,0,1,0,1,1,1,1,1,0,1,1,0,0,1,0,0,3,8,5,0,9,1,2,9,6,1,10,4,0,4,0
562,1,0,0,1,1,0,0,1,0,0,0,1,0,0,1,2,2,6,0,2,1,8,4,5,7,0,0,10,9,2,0
563,0,0,1,0,0,1,0,1,1,0,1,0,0,1,0,4,4,3,9,2,10,8,2,0,2,0,1,1,2,8,3
564,0,0,1,1,0,0,0,0,0,0,1,1,0,0,1,7,3,10,8,10,0,0,6,5,7,0,1,10,0,4,2
565,0,0,0,1,1,0,0,1,1,1,1,1,1,1,0,2,3,7,1,6,0,0,0,8,9,6,0,4,9,1,3
566,0,1,0,0,1,1,0,1,0,1,0,0,0,1,0,0,4,7,10,7,2,3,8,1,0,3,0,7,5,9,1
567,1,1,1,1,0,1,1,0,1,1,0,0,1,1,0,0,6,2,9,6,8,7,0,8,2,3,2,9,7,2,0
568,0,0,1,1,1,1,0,0,1,0,1,1,0,1,0,2,6,7,3,2,8,7,7,8,4,0,0,6,6,4,0
569,0,1,1,0,1,1,0,1,0,0,0,1,1,0,1,0,4,9,2,9,2,5,8,4,7,8,7,0,0,8,0
570,0,0,0,0,0,1,1,1,1,0,1,0,1,1,0,2,0,4,4,2,8,0,8,0,1,9,4,2,10,1,3
571,1,0,1,1,1,1,1,1,1,0,0,0,0,0,1,8,3,0,4,5,2,9,3,9,2,2,3,0,5,6,2
572,0,0,0,0,0,0,0,0,1,0,0,1,0,0,1,10,2,7,8,0,0,0,3,2,1,9,6,9,5,2,3
573,0,0,1,0,1,1,1,1,0,0,0,0,1,0,0,9,2,1,6,4,0,0,1,3,4,6,7,2,0,6,1
574,1,1,1,0,1,0,1,0,0,0,1,1,0,0,1,6,6,3,6,9,6,3,6,8,5,0,0,3,7,5,1
575,0,1,0,0,0,0,0,1,1,0,1,0,1,1,1,7,2,10,9,4,0,1,3,3,7,1,3,6,4,7,2
576,1,1,0,0,0,1,0,0,0,0,1,1,0,1,0,2,2,1,0,8,5,0,4,0,7,2,4,0,3,2,1
577,1,1,1,1,0,1,0,1,0,0,1,0,0,0,0,0,5,0,1,9,9,6,4,7,7,7,4,5,7,0,3
578,0,0,0,0,0,0,0,0,0,1,0,0,1,0,1,7,9,6,3,5,2,9,4,5,7,7,4,0,0,3,2
579,0,0,1,1,0,1,0,1,0,0,1,0,0,0,0,7,4,1,8,5,7,0,2,1,2,0,1,9,0,7,2
580,1,0,0,1,1,0,1,1,1,1,0,1,0,0,0,7,0,1,9,4,8,3,1,7,0,1,1,2,4,9,0
581,0,0,1,1,1,1,0,0,1,1,0,1,0,0,0,2,1,9,10,2,1,0,0,4,1,4,1,1,10,9,2
582,0,0,0,1,1,0,1,0,0,0,1,0,0,0,0,5,3,4,8,8,9,5,5,5,5,4,1,3,4,2,0
583,0,0,1,0,0,0,1,0,0,1,1,0,0,0,1,0,3,1,8,2,9,4,6,0,1,4,0,7,0,10,2
584,0,1,0,1,1,1,0,0,1,0,0,0,1,0,0,2,1,0,4,4,1,8,9,9,9,7,0,9,7,3,0
585,0,0,1,1,1,1,1,0,0,1,1,0,0,1,1,7,3,7,5,0,8,3,3,8,1,1,2,4,0,7,3
586,1,1,0,0,0,1,1,0,0,0,0,0,0,0,0,8,10,8,5,5,8,1,10,4,10,1,0,3,4,5,4
587,0,0,0,0,1,1,0,0,0,1,0,1,1,0,0,2,3,10,2,0,0,2,5,7,4,5,1,6,10,6,3
588,0,0,1,1,1,1,1,1,1,0,1,0,0,1,0,4,2,10,4,9,4,5,2,8,1,2,0,6,5,1,0
589,1,1,1,1,0,1,0,0,0,0,1,0,0,1,0,0,5,0,0,9,9,5,4,8,10,2,4,3,0,1,1
590,0,0,0,0,0,0,0,0,0,0,0,1,0,1,0,10,2,0,0,0,0,1,2,5,0,6,1,10,5,3,0
591,0,0,0,0,1,0,1,0,1,1,0,1,1,1,1,0,0,1,3,2,1,3,9,10,3,6,1,0,9,0,3
592,0,1,0,0,1,1,0,0,0,0,1,0,0,1,0,1,2,2,5,7,5,0,5,5,2,5,1,8,3,1,0
593,1,0,0,0,0,1,0,1,0,1,0,1,0,0,0,10,2,7,7,6,7,0,2,2,1,9,1,10,10,10,1
594,0,0,0,0,0,0,0,0,0,1,0,1,0,0,1,7,4,5,0,6,3,0,3,5,0,5,5,0,0,2,0
595,1,1,0,0,1,1,0,0,0,1,0,1,0,1,0,0,2,1,9,7,2,0,1,0,7,2,7,7,4,10,1
596,1,0,1,0,0,1,0,0,0,1,0,1,0,0,0,2,2,3,7,7,6,0,4,0,4,1,7,0,3,2,1
597,0,1,1,1,1,1,0,0,1,0,0,0,0,1,0,4,6,7,3,0,0,7,1,8,1,0,0,6,5,7,3
598,1,1,0,0,0,0,0,0,1,1,1,1,1,1,1,10,10,8,9,0,0,0,3,6,1,6,5,9,4,2,3
599,0,1,1,0,1,0,0,1,0,0,0,0,0,0,0,0,3,5,6,1,0,0,9,5,7,1,1,10,5,7,0
600,1,1,0,0,0,1,0,0,1,0,0,1,0,0,1,8,5,5,2,4,7,10,4,4,1,1,0,4,4,0,3
601,1,1,0,1,0,0,0,1,0,1,1,0,0,0,0,2,0,6,1,4,4,3,4,1,3,6,4,1,3,2,1
602,0,0,1,1,1,1,0,0,1,1,0,1,0,0,1,0,1,1,9,2,9,8,8,9,5,5,5,0,10,8,2
603,1,0,1,0,1,1,0,1,0,1,0,0,0,0,1,0,5,0,7,4,0,6,5,1,6,10,5,9,9,9,0
604,1,0,0,0,1,1,1,0,1,0,0,0,0,1,0,7,3,7,10,4,2,0,2,0,3,2,3,0,4,9,1
605,0,0,1,1,1,1,0,0,0,1,1,1,0,0,0,2,4,7,2,2,9,1,6,0,0,0,0,7,1,5,1
606,1,1,0,0,0,1,0,0,0,1,1,1,0,1,1,1,6,1,9,6,10,5,0,1,6,5,7,0,1,0,1
607,0,0,0,0,0,0,1,1,0,1,0,0,0,0,1,0,1,1,1,5,6,3,6,0,2,3,0,4,3,5,1
608,1,0,0,1,1,1,1,1,0,1,1,1,1,1,1,2,9,1,7,1,1,2,4,4,1,0,1,6,4,6,1
609,1,0,0,0,0,0,0,0,0,1,0,1,0,0,0,10,2,0,0,0,0,0,2,5,1,6,1,10,5,1,0
610,1,0,1,0,1,1,0,1,0,0,0,0,1,0,0,7,2,10,7,6,4,7,3,10,1,0,0,6,5,1,0
611,0,0,0,0,0,1,1,0,1,1,1,1,1,1,0,2,7,3,0,1,7,0,7,0,1,9,3,5,5,6,3
612,1,1,1,0,0,0,0,1,0,0,0,0,1,0,0,1,5,3,8,7,5,0,8,5,2,2,4,1,3,2,2
613,0,1,1,0,1,1,1,1,0,0,1,0,0,1,1,3,1,7,10,1,5,3,1,1,0,2,3,4,5,8,0
614,0,0,0,1,1,1,0,0,1,1,1,1,0,0,0,0,5,1,5,5,0,0,3,6,2,0,0,10,1,6,2
615,0,0,0,1,1,0,0,1,0,1,0,1,0,0,1,4,2,5,0,5,0,7,2,5,0,4,7,7,5,2,0
616,1,0,0,1,0,0,1,1,0,1,1,1,1,1,1,2,9,1,10,1,1,5,3,6,0,2,2,6,6,7,0
617,0,1,0,0,1,1,0,1,0,1,1,0,0,1,0,6,4,3,10,8,6,0,3,2,1,5,1,7,3,4,0
618,0,0,0,1,0,0,0,0,0,1,0,1,0,0,1,4,5,4,0,4,7,0,1,5,4,2,5,4,4,1,1
619,1,1,1,1,1,0,0,0,0,1,0,0,1,0,1,7,2,6,7,1,0,8,2,2,0,4,7,9,4,10,0
620,0,0,0,0,0,0,1,1,0,1,0,1,0,0,1,7,3,4,1,7,7,9,7,6,5,3,2,3,0,2,0
621,0,0,1,1,0,0,0,0,1,1,1,0,0,0,1,2,0,7,2,0,7,7,1,8,1,3,0,7,0,5,2
622,1,0,0,1,1,1,0,0,0,1,1,0,1,0,1,4,1,0,0,1,0,0,2,0,0,1,0,6,4,5,3
623,0,0,0,1,0,0,0,0,0,0,0,0,0,1,0,7,5,0,5,6,4,0,2,5,1,0,2,5,9,6,0
624,0,0,0,0,0,0,1,0,0,0,0,1,0,1,1,0,0,1,0,3,5,0,6,9,2,7,3,0,8,0,3
625,0,0,1,1,0,0,0,0,0,0,1,0,0,1,0,7,4,1,7,5,3,0,6,1,1,0,1,10,0,4,0
626,1,0,0,0,1,0,0,1,0,0,1,0,0,1,0,9,7,4,5,8,3,0,3,1,2,5,0,0,5,1,0
627,1,0,1,0,1,1,0,1,0,0,0,1,0,0,0,1,2,3,7,6,5,0,4,1,1,0,0,7,3,1,0
628,1,0,0,0,0,0,0,0,1,0,0,0,0,1,0,0,2,1,7,0,9,0,7,0,4,2,7,6,7,4,2
629,0,0,1,0,1,0,0,0,1,0,0,1,0,0,0,3,2,0,8,1,5,0,1,2,7,6,0,1,5,5,0
630,0,0,0,1,0,0,1,1,0,1,0,0,0,0,1,3,3,6,7,2,6,7,4,6,0,4,0,9,7,5,1
631,1,0,0,0,0,0,0,0,0,1,0,0,0,0,1,7,4,2,2,9,3,9,3,5,2,5,4,0,0,2,0
632,0,0,1,0,1,0,0,0,0,1,1,0,0,0,1,0,4,0,4,2,9,1,6,0,1,7,0,7,1,10,1
633,0,0,0,0,1,0,1,0,1,0,0,0,0,0,1,3,2,5,8,0,7,3,3,0,0,4,6,7,5,3,3
634,0,1,1,0,0,0,0,0,0,0,1,0,0,0,0,1,4,7,1,0,7,0,8,8,1,2,0,7,3,5,2
635,0,0,1,1,1,0,0,1,1,1,0,1,1,1,1,3,0,1,1,4,9,2,1,10,3,5,6,0,9,1,3
636,1,0,0,0,0,1,1,0,1,1,0,1,1,0,1,0,5,0,1,5,1,5,8,3,7,0,2,0,4,5,3
637,0,1,0,0,0,1,0,0,1,1,0,1,0,0,0,2,9,0,4,0,0,7,4,5,7,6,2,7,7,4,1
638,0,0,0,0,0,1,0,1,0,0,0,0,0,0,1,0,1,1,6,6,6,0,1,0,2,2,0,5,5,6,1
639,1,0,1,1,0,1,1,0,0,1,0,0,0,0,0,1,5,1,10,6,2,0,7,5,1,1,5,0,0,2,0
640,1,0,0,0,1,0,1,0,1,0,0,1,0,1,1,0,0,1,3,2,6,0,9,9,2,7,0,0,9,0,3
641,0,1,0,0,0,1,0,1,0,0,1,1,1,0,1,1,4,9,1,6,0,6,7,4,0,4,6,7,0,1,0
642,1,0,0,1,0,0,0,0,0,0,0,0,0,1,0,0,5,9,6,6,3,0,2,6,1,0,5,10,1,1,0
643,0,0,1,0,1,1,1,1,1,0,0,0,1,0,0,5,2,3,8,3,7,0,9,0,1,9,7,2,1,1,0
644,0,0,1,0,1,0,0,1,0,0,0,1,0,0,0,1,3,7,2,2,7,9,9,8,0,6,1,6,6,6,3
645,0,0,0,0,0,0,0,0,1,0,0,1,1,1,1,3,0,0,5,2,1,0,4,3,3,9,1,0,10,0,3
646,0,0,0,0,0,0,0,0,0,0,0,0,0,1,0,7,2,0,7,1,10,0,5,6,2,2,5,5,6,7,3
647,0,0,0,0,1,0,0,0,1,0,1,1,1,1,1,3,1,5,0,5,0,7,2,10,0,4,0,7,5,2,0
648,0,0,0,1,1,0,1,0,0,0,0,1,0,0,0,5,1,0,4,0,3,0,2,2,0,6,2,5,5,3,0
649,0,0,0,0,0,0,0,0,0,0,0,1,0,0,0,2,4,6,2,6,2,5,4,5,0,0,5,2,8,1,0
650,0,1,0,0,0,0,0,0,0,1,1,1,0,0,0,1,4,10,0,0,7,0,7,8,0,2,8,7,1,2,3
651,0,0,0,0,0,0,0,0,0,1,0,0,0,1,1,0,4,8,4,1,0,6,5,0,6,5,5,8,1,10,2
652,0,1,1,0,1,0,0,1,0,1,0,1,1,0,1,0,3,10,3,8,5,5,1,4,7,9,8,0,0,1,0
653,0,0,1,0,0,1,1,0,0,0,1,0,1,1,1,0,4,0,0,5,3,1,9,0,1,0,2,5,0,5,3
654,0,0,1,1,0,0,0,0,1,0,0,1,0,0,1,1,3,8,8,4,0,0,6,4,1,8,1,10,6,3,2
655,1,1,1,0,1,1,1,1,0,0,0,0,0,0,1,5,3,4,7,3,7,3,2,1,4,6,1,6,5,0,0
656,0,0,1,0,0,1,0,0,0,0,0,0,0,1,0,6,4,6,8,6,0,0,2,2,6,0,1,5,3,4,0
657,1,0,1,0,1,0,0,0,0,0,1,0,1,0,1,1,4,2,3,4,0,6,4,6,7,6,10,0,0,0,0
658,1,0,0,1,0,0,0,0,1,0,0,0,0,0,1,4,0,0,4,2,4,4,6,3,6,10,2,0,5,5,0
659,1,0,0,1,1,1,1,1,0,0,0,1,0,0,0,5,0,0,6,3,4,3,1,6,0,1,2,5,4,9,0
660,0,0,0,0,1,1,0,1,1,0,0,0,1,0,0,3,1,3,8,3,3,0,6,3,1,6,7,1,0,2,0
661,1,0,0,1,1,0,0,0,0,0,0,0,1,0,1,7,2,7,6,1,3,0,2,0,0,0,1,6,3,5,0
662,0,0,1,0,0,0,1,0,0,0,0,0,0,1,0,3,6,0,0,4,10,8,9,9,5,0,3,1,4,3,3
663,0,0,1,0,1,0,0,0,0,0,1,0,0,1,0,7,10,1,8,6,1,0,6,5,1,0,0,5,1,5,1
664,1,0,0,0,1,0,1,0,1,0,0,0,1,1,1,0,0,0,7,3,3,0,10,0,3,2,3,0,7,10,1
665,0,1,0,0,0,0,0,0,1,0,0,1,0,0,0,0,2,5,5,0,7,3,7,5,0,4,6,7,6,2,3
666,0,0,0,0,0,0,0,1,0,0,0,0,1,1,1,4,0,5,2,3,0,3,1,1,0,6,6,7,5,10,3
667,0,1,1,1,0,0,0,0,0,0,0,0,1,1,0,7,5,2,6,5,2,1,6,6,1,0,1,9,0,7,0
668,1,1,1,1,0,1,0,0,0,0,0,0,0,1,1,1,4,2,7,3,2,1,8,1,1,2,5,4,0,4,0
669,1,0,0,1,0,0,0,1,0,0,0,1,0,0,1,0,3,2,6,0,5,0,7,2,3,4,4,0,5,0,3
670,1,0,0,0,1,0,1,0,1,0,0,0,0,1,0,1,0,8,10,4,3,2,4,0,0,3,3,1,4,9,1
671,0,0,0,0,1,0,0,1,0,0,0,0,0,1,0,7,2,0,5,6,4,0,2,6,1,0,5,6,10,9,0
672,0,0,0,0,0,0,0,0,0,1,0,1,1,0,0,2,8,6,3,2,4,0,4,1,7,6,2,4,4,5,3
673,1,0,0,0,1,1,0,1,0,0,0,0,1,0,1,3,1,0,9,7,9,8,1,3,2,2,7,6,4,6,3
674,0,0,0,1,0,0,0,0,1,0,0,1,1,0,1,3,4,7,8,0,3,3,0,5,3,9,7,4,5,0,3
675,0,0,0,0,0,0,0,1,0,1,0,0,0,1,1,1,7,5,5,10,2,3,6,1,3,3,0,3,2,5,0
676,0,1,0,0,0,0,0,1,1,0,0,1,0,0,0,5,3,1,9,8,2,1,1,3,7,2,9,0,7,4,0
677,1,0,0,1,1,1,1,0,0,0,0,0,0,0,0,5,1,0,4,6,2,0,3,2,0,1,2,0,4,3,0
678,1,0,0,0,0,0,0,1,0,0,0,0,0,0,0,1,4,6,5,9,2,10,4,2,1,10,6,0,9,4,1
679,0,0,1,0,0,0,0,0,0,0,1,0,1,0,1,7,1,1,3,5,1,6,4,6,7,6,4,0,0,0,3
680,0,0,0,0,0,1,0,0,0,0,0,0,0,0,0,5,5,7,7,6,0,0,2,2,1,8,1,10,1,5,0
681,1,0,0,1,0,0,1,0,1,0,0,1,0,1,0,4,0,0,4,2,6,0,9,2,6,10,3,0,10,5,3
682,1,0,0,0,1,1,0,1,1,0,0,0,0,1,0,2,2,2,8,0,0,1,8,5,2,1,4,1,0,2,0
683,0,0,0,0,0,0,0,0,0,1,0,1,0,0,0,3,2,0,4,0,0,1,3,5,4,9,1,5,10,9,3
684,0,0,0,0,0,0,0,0,1,0,0,1,1,1,1,2,0,1,5,0,0,0,9,5,3,6,1,1,6,3,0
685,0,0,0,0,0,0,1,0,0,1,1,1,1,1,0,7,0,1,7,4,1,3,6,10,0,0,0,5,4,3,2
686,1,0,0,1,1,0,1,1,0,1,0,1,0,0,0,0,2,6,9,3,5,0,1,0,0,1,7,6,4,10,1
687,1,0,0,0,1,0,0,0,1,0,0,0,0,0,1,0,0,1,3,2,4,4,6,6,2,7,1,0,6,1,0
688,0,0,1,0,1,1,0,0,0,0,0,0,1,0,1,4,0,5,0,2,3,7,5,10,3,1,0,5,10,0,0
689,1,1,0,1,0,0,0,0,0,0,0,0,0,0,1,0,4,9,6,6,2,0,6,5,1,0,6,7,1,1,0
690,0,0,0,0,0,0,0,0,1,0,0,1,1,1,1,2,0,1,0,0,0,0,9,5,2,6,1,1,6,3,0
691,1,0,0,0,0,0,1,0,1,0,0,0,0,1,0,0,2,1,7,0,5,0,4,0,4,2,0,1,7,10,1
692,0,1,1,0,1,1,0,0,0,0,0,0,1,0,1,0,9,3,8,3,2,0,6,3,1,5,7,1,1,5,1
693,0,0,1,0,1,0,0,0,0,0,1,0,0,1,1,3,3,0,7,4,0,0,7,4,1,4,2,5,6,9,1
694,0,0,1,0,0,1,0,0,0,1,1,1,1,0,0,1,4,7,1,5,1,2,6,0,1,0,0,5,0,5,0
695,1,1,0,0,0,1,0,0,1,1,0,1,1,1,1,2,7,1,9,5,4,5,6,3,6,5,6,0,7,0,1
696,1,0,0,0,1,0,0,0,0,1,0,0,1,0,1,1,6,5,3,4,3,9,4,5,7,7,10,0,0,0,1
697,0,0,0,0,0,0,0,0,1,1,0,0,0,1,0,0,4,9,0,6,5,0,5,6,7,5,4,0,7,4,1
698,0,0,0,0,1,0,0,0,1,0,0,0,0,0,0,8,0,2,8,4,2,3,2,3,0,4,4,2,0,2,0
699,0,0,0,0,0,0,0,0,0,0,0,1,0,0,0,7,5,6,6,9,2,0,1,1,5,10,10,6,0,2,0
700,0,0,1,1,0,1,1,0,1,1,0,0,1,1,0,2,0,0,7,3,0,2,6,8,8,6,2,5,8,7,0
701,1,1,0,0,0,0,0,1,0,0,0,0,0,0,1,5,3,1,9,6,2,1,1,3,1,0,9,0,0,5,0
702,0,1,0,1,1,1,0,0,0,0,0,0,0,0,1,4,0,0,8,3,2,0,6,3,6,5,7,0,6,5,0
703,0,0,0,0,0,0,0,0,0,1,1,1,1,1,1,3,1,5,0,1,7,7,2,2,0,3,2,7,4,1,0
704,1,0,1,0,1,1,0,1,0,0,0,1,0,0,0,1,3,0,5,5,0,5,6,7,1,0,1,6,7,1,0
705,0,0,1,0,0,0,0,1,0,0,0,0,0,0,1,0,3,10,1,8,6,2,1,0,0,2,8,6,2,6,0
706,1,1,1,1,0,0,0,0,0,0,0,0,0,0,1,1,4,2,0,3,1,1,7,1,6,1,5,7,0,0,0
707,0,0,0,0,1,0,1,1,1,1,0,1,1,1,1,2,0,1,7,1,1,1,8,4,1,0,1,6,7,0,0
708,0,0,0,0,0,1,0,0,0,0,1,0,0,1,1,1,1,1,9,6,9,2,1,0,5,2,0,5,5,7,1
709,0,1,0,0,0,1,0,1,0,0,1,1,0,0,0,1,1,6,1,9,2,10,7,2,0,4,5,7,0,4,0
710,1,0,0,0,1,0,0,0,0,0,0,1,0,1,1,7,6,2,7,3,1,1,6,9,1,0,3,0,5,0,1
711,0,0,1,0,0,1,0,0,0,0,0,0,0,0,0,5,5,7,0,5,3,0,10,2,1,0,2,5,0,5,3
712,1,0,0,0,0,0,0,0,1,0,0,0,0,0,0,1,5,4,4,5,0,4,0,8,7,10,10,2,7,7,0
713,1,0,1,1,1,1,1,0,0,1,0,1,1,0,1,0,4,1,1,1,2,0,9,10,3,6,5,0,0,0,0
714,0,0,0,0,0,0,1,0,1,1,0,0,0,1,0,1,1,1,2,5,1,3,7,5,1,1,1,0,9,2,3
715,1,0,0,1,1,0,0,0,0,0,0,0,0,0,0,0,3,7,5,1,0,4,1,0,0,0,1,6,7,5,0
716,0,0,0,1,1,1,0,0,0,0,0,1,0,0,0,4,6,0,0,1,0,0,2,3,0,1,0,5,5,4,0
717,0,0,0,0,0,0,0,0,1,0,0,1,1,1,1,2,1,2,6,4,0,7,5,10,3,6,0,0,5,3,0
718,0,0,1,0,0,0,1,1,0,0,0,0,0,0,0,3,6,7,2,5,6,8,9,8,2,6,4,6,7,4,3
719,1,0,0,0,1,0,0,0,0,1,0,1,1,1,1,5,0,5,0,3,4,1,2,6,0,6,3,4,7,9,0
720,0,1,0,0,1,0,1,0,0,0,0,1,1,1,0,1,0,0,5,1,3,1,2,5,0,4,4,6,10,2,0
721,0,0,0,0,1,0,0,0,1,0,1,1,1,1,1,3,0,6,3,1,0,1,4,5,0,4,1,6,6,3,0
722,0,0,0,0,1,1,0,0,0,1,0,0,1,0,1,7,5,2,4,7,3,5,3,6,7,6,1,0,0,0,1
723,0,1,0,1,0,1,1,0,0,0,1,0,0,0,0,1,6,1,6,6,2,7,7,5,1,1,5,0,0,5,0
724,0,0,0,0,0,0,1,0,0,0,0,1,0,1,1,0,3,1,7,3,5,0,7,1,3,2,0,0,7,5,3
725,0,0,0,0,0,0,0,0,0,0,0,1,0,1,1,5,6,7,0,1,1,1,5,5,0,1,1,5,5,5,2
726,1,0,0,1,1,1,0,1,0,1,1,1,1,1,0,3,3,1,7,0,0,2,3,4,1,7,1,9,4,0,0
727,1,0,0,1,1,1,0,0,1,0,0,1,1,1,0,0,1,0,7,0,3,0,3,3,0,1,3,2,4,4,0
728,0,0,0,0,0,0,0,0,0,0,0,0,0,1,0,7,6,1,6,6,5,0,1,7,1,0,3,5,9,6,0
729,1,1,0,1,1,0,0,0,0,1,0,0,0,0,1,1,6,5,0,3,0,6,7,2,7,1,10,0,0,0,0
730,0,0,0,0,0,1,0,0,0,1,0,0,0,0,0,5,6,6,7,6,0,0,2,3,0,7,1,1,4,1,0
731,1,0,0,0,1,0,0,0,1,0,0,0,1,0,0,3,3,4,7,0,4,0,8,1,3,6,4,1,7,9,0
732,0,0,0,0,1,0,1,0,0,0,0,0,0,0,1,4,7,0,0,2,0,0,5,0,3,2,1,7,7,10,1
733,0,0,1,0,0,0,0,1,1,0,0,0,0,0,0,0,3,7,3,3,4,8,9,6,10,7,1,1,6,6,3
734,1,0,0,0,1,0,0,0,0,1,1,1,0,1,1,1,7,2,1,1,1,5,3,6,0,6,3,0,0,5,1
735,0,0,0,0,1,0,1,0,0,0,0,1,0,0,1,0,0,0,4,2,5,0,5,6,2,7,0,7,9,0,3
736,1,0,0,0,0,1,0,0,1,0,0,0,0,1,1,1,2,1,8,3,0,6,1,5,5,0,1,1,2,2,3
737,1,0,0,0,1,1,0,1,1,0,0,0,0,1,1,3,3,1,8,3,6,1,9,1,3,1,7,1,0,2,2
738,0,0,0,0,1,0,0,0,1,1,0,1,1,1,1,0,1,5,1,5,0,0,5,4,0,9,0,7,6,10,0
739,0,0,0,0,0,0,0,0,0,0,0,0,0,1,0,5,3,1,0,2,5,0,2,4,2,7,2,5,8,1,0
